"","id","duration","start_station_name","end_station_name","start_station_id","end_station_id","trip_status"
"1",139945,73,"5th at Howard","5th at Howard",57,57,"cancelled"
"2",139967,160,"California Ave Caltrain Station","California Ave Caltrain Station",36,36,"cancelled"
"3",140179,63,"2nd at Folsom","2nd at Folsom",62,62,"cancelled"
"4",140429,126,"San Francisco Caltrain (Townsend at 4th)","San Francisco Caltrain (Townsend at 4th)",70,70,"cancelled"
"5",140484,114,"Harry Bridges Plaza (Ferry Building)","Harry Bridges Plaza (Ferry Building)",50,50,"cancelled"
"6",140715,69,"Mountain View City Hall","Mountain View City Hall",27,27,"cancelled"
"7",140734,64,"South Van Ness at Market","South Van Ness at Market",66,66,"cancelled"
"8",141227,123,"South Van Ness at Market","South Van Ness at Market",66,66,"cancelled"
"9",141388,66,"Powell Street BART","Powell Street BART",39,39,"cancelled"
"10",142332,64,"Mechanics Plaza (Market at Battery)","Mechanics Plaza (Market at Battery)",75,75,"cancelled"
"11",143075,135,"Mountain View Caltrain Station","Mountain View Caltrain Station",28,28,"cancelled"
"12",143707,64,"Embarcadero at Folsom","Embarcadero at Folsom",51,51,"cancelled"
"13",144838,108,"San Francisco Caltrain (Townsend at 4th)","San Francisco Caltrain (Townsend at 4th)",70,70,"cancelled"
"14",145292,152,"Mountain View City Hall","Mountain View City Hall",27,27,"cancelled"
"15",146812,148,"Embarcadero at Sansome","Embarcadero at Sansome",60,60,"cancelled"
"16",147756,121,"Embarcadero at Sansome","Embarcadero at Sansome",60,60,"cancelled"
"17",147842,90,"Mechanics Plaza (Market at Battery)","Mechanics Plaza (Market at Battery)",75,75,"cancelled"
"18",148495,71,"Howard at 2nd","Howard at 2nd",63,63,"cancelled"
"19",148593,86,"Townsend at 7th","Townsend at 7th",65,65,"cancelled"
"20",148609,68,"Howard at 2nd","Howard at 2nd",63,63,"cancelled"
"21",150138,105,"Embarcadero at Sansome","Embarcadero at Sansome",60,60,"cancelled"
"22",150244,75,"2nd at Townsend","2nd at Townsend",61,61,"cancelled"
"23",151208,178,"San Francisco Caltrain 2 (330 Townsend)","San Francisco Caltrain 2 (330 Townsend)",69,69,"cancelled"
"24",151489,73,"2nd at South Park","2nd at South Park",64,64,"cancelled"
"25",151958,107,"2nd at Folsom","2nd at Folsom",62,62,"cancelled"
"26",153060,110,"San Jose Diridon Caltrain Station","San Jose Diridon Caltrain Station",2,2,"cancelled"
"27",153181,111,"Market at 10th","Market at 10th",67,67,"cancelled"
"28",153206,128,"Embarcadero at Vallejo","Embarcadero at Vallejo",48,48,"cancelled"
"29",153280,62,"Yerba Buena Center of the Arts (3rd @ Howard)","Yerba Buena Center of the Arts (3rd @ Howard)",68,68,"cancelled"
"30",154409,166,"Harry Bridges Plaza (Ferry Building)","Harry Bridges Plaza (Ferry Building)",50,50,"cancelled"
"31",154445,172,"Grant Avenue at Columbus Avenue","Grant Avenue at Columbus Avenue",73,73,"cancelled"
"32",155376,82,"Mountain View City Hall","Mountain View City Hall",27,27,"cancelled"
"33",155643,116,"San Jose Diridon Caltrain Station","San Jose Diridon Caltrain Station",2,2,"cancelled"
"34",155761,124,"Powell Street BART","Powell Street BART",39,39,"cancelled"
"35",156239,85,"Embarcadero at Folsom","Embarcadero at Folsom",51,51,"cancelled"
"36",156344,127,"Market at 4th","Market at 4th",76,76,"cancelled"
"37",157057,74,"South Van Ness at Market","South Van Ness at Market",66,66,"cancelled"
"38",157297,154,"Yerba Buena Center of the Arts (3rd @ Howard)","Yerba Buena Center of the Arts (3rd @ Howard)",68,68,"cancelled"
"39",157594,124,"Washington at Kearney","Washington at Kearney",46,46,"cancelled"
"40",157847,62,"San Francisco Caltrain (Townsend at 4th)","San Francisco Caltrain (Townsend at 4th)",70,70,"cancelled"
"41",157986,95,"Civic Center BART (7th at Market)","Civic Center BART (7th at Market)",72,72,"cancelled"
"42",158111,111,"Embarcadero at Vallejo","Embarcadero at Vallejo",48,48,"cancelled"
"43",158872,97,"San Jose Civic Center","San Jose Civic Center",3,3,"cancelled"
"44",159323,67,"Market at 10th","Market at 10th",67,67,"cancelled"
"45",159739,62,"2nd at Folsom","2nd at Folsom",62,62,"cancelled"
"46",160325,88,"San Francisco Caltrain (Townsend at 4th)","San Francisco Caltrain (Townsend at 4th)",70,70,"cancelled"
"47",160479,60,"2nd at Townsend","2nd at Townsend",61,61,"cancelled"
"48",160856,71,"Redwood City Caltrain Station","Redwood City Caltrain Station",22,22,"cancelled"
"49",160925,101,"Davis at Jackson","Davis at Jackson",42,42,"cancelled"
"50",161966,85,"Howard at 2nd","Howard at 2nd",63,63,"cancelled"
"51",162375,118,"2nd at South Park","2nd at South Park",64,64,"cancelled"
"52",162797,83,"2nd at South Park","2nd at South Park",64,64,"cancelled"
"53",163324,111,"Market at Sansome","Market at Sansome",77,77,"cancelled"
"54",163932,170,"San Francisco Caltrain 2 (330 Townsend)","San Francisco Caltrain 2 (330 Townsend)",69,69,"cancelled"
"55",164656,135,"California Ave Caltrain Station","California Ave Caltrain Station",36,36,"cancelled"
"56",164657,82,"California Ave Caltrain Station","California Ave Caltrain Station",36,36,"cancelled"
"57",164720,131,"South Van Ness at Market","South Van Ness at Market",66,66,"cancelled"
"58",165284,176,"San Francisco Caltrain (Townsend at 4th)","San Francisco Caltrain (Townsend at 4th)",70,70,"cancelled"
"59",165305,74,"2nd at South Park","2nd at South Park",64,64,"cancelled"
"60",165599,64,"Broadway St at Battery St","Broadway St at Battery St",82,82,"cancelled"
"61",165696,86,"Washington at Kearney","Washington at Kearney",46,46,"cancelled"
"62",166129,74,"Yerba Buena Center of the Arts (3rd @ Howard)","Yerba Buena Center of the Arts (3rd @ Howard)",68,68,"cancelled"
"63",169232,168,"Harry Bridges Plaza (Ferry Building)","Harry Bridges Plaza (Ferry Building)",50,50,"cancelled"
"64",169559,99,"Temporary Transbay Terminal (Howard at Beale)","Temporary Transbay Terminal (Howard at Beale)",55,55,"cancelled"
"65",169578,69,"Santa Clara at Almaden","Santa Clara at Almaden",4,4,"cancelled"
"66",169778,133,"SJSU - San Salvador at 9th","SJSU - San Salvador at 9th",16,16,"cancelled"
"67",169902,93,"San Francisco Caltrain 2 (330 Townsend)","San Francisco Caltrain 2 (330 Townsend)",69,69,"cancelled"
"68",170269,104,"2nd at Townsend","2nd at Townsend",61,61,"cancelled"
"69",170510,70,"2nd at Folsom","2nd at Folsom",62,62,"cancelled"
"70",170547,77,"Spear at Folsom","Spear at Folsom",49,49,"cancelled"
"71",171346,115,"2nd at Folsom","2nd at Folsom",62,62,"cancelled"
"72",171508,119,"2nd at Townsend","2nd at Townsend",61,61,"cancelled"
"73",171804,84,"Market at 4th","Market at 4th",76,76,"cancelled"
"74",171822,60,"2nd at Townsend","2nd at Townsend",61,61,"cancelled"
"75",172777,83,"San Jose City Hall","San Jose City Hall",10,10,"cancelled"
"76",172816,127,"Mountain View Caltrain Station","Mountain View Caltrain Station",28,28,"cancelled"
"77",172914,110,"San Francisco City Hall","San Francisco City Hall",58,58,"cancelled"
"78",173120,100,"Market at 4th","Market at 4th",76,76,"cancelled"
"79",173131,72,"South Van Ness at Market","South Van Ness at Market",66,66,"cancelled"
"80",174470,62,"Civic Center BART (7th at Market)","Civic Center BART (7th at Market)",72,72,"cancelled"
"81",175373,64,"San Francisco City Hall","San Francisco City Hall",58,58,"cancelled"
"82",175484,173,"Steuart at Market","Steuart at Market",74,74,"cancelled"
"83",175725,77,"2nd at Townsend","2nd at Townsend",61,61,"cancelled"
"84",176175,114,"Embarcadero at Sansome","Embarcadero at Sansome",60,60,"cancelled"
"85",176920,71,"San Francisco Caltrain (Townsend at 4th)","San Francisco Caltrain (Townsend at 4th)",70,70,"cancelled"
"86",177630,102,"2nd at Folsom","2nd at Folsom",62,62,"cancelled"
"87",178595,166,"Powell Street BART","Powell Street BART",39,39,"cancelled"
"88",178626,133,"2nd at Folsom","2nd at Folsom",62,62,"cancelled"
"89",178766,70,"2nd at South Park","2nd at South Park",64,64,"cancelled"
"90",178887,61,"San Francisco Caltrain (Townsend at 4th)","San Francisco Caltrain (Townsend at 4th)",70,70,"cancelled"
"91",178901,152,"Townsend at 7th","Townsend at 7th",65,65,"cancelled"
"92",179528,130,"Embarcadero at Sansome","Embarcadero at Sansome",60,60,"cancelled"
"93",182355,72,"Temporary Transbay Terminal (Howard at Beale)","Temporary Transbay Terminal (Howard at Beale)",55,55,"cancelled"
"94",182906,92,"Temporary Transbay Terminal (Howard at Beale)","Temporary Transbay Terminal (Howard at Beale)",55,55,"cancelled"
"95",183794,77,"San Francisco City Hall","San Francisco City Hall",58,58,"cancelled"
"96",184113,103,"Market at 4th","Market at 4th",76,76,"cancelled"
"97",184316,96,"Temporary Transbay Terminal (Howard at Beale)","Temporary Transbay Terminal (Howard at Beale)",55,55,"cancelled"
"98",184703,110,"Harry Bridges Plaza (Ferry Building)","Harry Bridges Plaza (Ferry Building)",50,50,"cancelled"
"99",185232,119,"Davis at Jackson","Davis at Jackson",42,42,"cancelled"
"100",185480,80,"San Pedro Square","San Pedro Square",6,6,"cancelled"
"101",185714,74,"Townsend at 7th","Townsend at 7th",65,65,"cancelled"
"102",185761,75,"Townsend at 7th","Townsend at 7th",65,65,"cancelled"
"103",185802,88,"2nd at Townsend","2nd at Townsend",61,61,"cancelled"
"104",185899,131,"San Francisco Caltrain (Townsend at 4th)","San Francisco Caltrain (Townsend at 4th)",70,70,"cancelled"
"105",186437,89,"Embarcadero at Sansome","Embarcadero at Sansome",60,60,"cancelled"
"106",186779,142,"Embarcadero at Sansome","Embarcadero at Sansome",60,60,"cancelled"
"107",186884,80,"Market at 4th","Market at 4th",76,76,"cancelled"
"108",186999,98,"Market at 10th","Market at 10th",67,67,"cancelled"
"109",187141,64,"Market at 4th","Market at 4th",76,76,"cancelled"
"110",188209,111,"Yerba Buena Center of the Arts (3rd @ Howard)","Yerba Buena Center of the Arts (3rd @ Howard)",68,68,"cancelled"
"111",188339,160,"Townsend at 7th","Townsend at 7th",65,65,"cancelled"
"112",189973,70,"San Jose Diridon Caltrain Station","San Jose Diridon Caltrain Station",2,2,"cancelled"
"113",190379,114,"Steuart at Market","Steuart at Market",74,74,"cancelled"
"114",191927,157,"San Pedro Square","San Pedro Square",6,6,"cancelled"
"115",192405,88,"Clay at Battery","Clay at Battery",41,41,"cancelled"
"116",192613,166,"San Pedro Square","San Pedro Square",6,6,"cancelled"
"117",192695,67,"University and Emerson","University and Emerson",35,35,"cancelled"
"118",192705,72,"Harry Bridges Plaza (Ferry Building)","Harry Bridges Plaza (Ferry Building)",50,50,"cancelled"
"119",192774,122,"2nd at Townsend","2nd at Townsend",61,61,"cancelled"
"120",192886,127,"Embarcadero at Vallejo","Embarcadero at Vallejo",48,48,"cancelled"
"121",193025,116,"Market at 10th","Market at 10th",67,67,"cancelled"
"122",193114,143,"San Pedro Square","San Pedro Square",6,6,"cancelled"
"123",193120,158,"Powell at Post (Union Square)","Powell at Post (Union Square)",71,71,"cancelled"
"124",193362,123,"Palo Alto Caltrain Station","Palo Alto Caltrain Station",34,34,"cancelled"
"125",193374,72,"Market at 4th","Market at 4th",76,76,"cancelled"
"126",193477,72,"San Jose Diridon Caltrain Station","San Jose Diridon Caltrain Station",2,2,"cancelled"
"127",193638,101,"Market at 4th","Market at 4th",76,76,"cancelled"
"128",194285,127,"Market at Sansome","Market at Sansome",77,77,"cancelled"
"129",196859,65,"Harry Bridges Plaza (Ferry Building)","Harry Bridges Plaza (Ferry Building)",50,50,"cancelled"
"130",196913,93,"San Jose Diridon Caltrain Station","San Jose Diridon Caltrain Station",2,2,"cancelled"
"131",197796,105,"Embarcadero at Sansome","Embarcadero at Sansome",60,60,"cancelled"
"132",197960,164,"2nd at South Park","2nd at South Park",64,64,"cancelled"
"133",432795,79,"Washington at Kearny","Washington at Kearny",46,46,"cancelled"
"134",432753,168,"Embarcadero at Sansome","Embarcadero at Sansome",60,60,"cancelled"
"135",432708,138,"Market at Sansome","Market at Sansome",77,77,"cancelled"
"136",432584,64,"Davis at Jackson","Davis at Jackson",42,42,"cancelled"
"137",432473,114,"Powell Street BART","Powell Street BART",39,39,"cancelled"
"138",432417,103,"Powell Street BART","Powell Street BART",39,39,"cancelled"
"139",432304,85,"Market at 4th","Market at 4th",76,76,"cancelled"
"140",432164,122,"San Antonio Shopping Center","San Antonio Shopping Center",31,31,"cancelled"
"141",431886,174,"2nd at South Park","2nd at South Park",64,64,"cancelled"
"142",431885,159,"2nd at South Park","2nd at South Park",64,64,"cancelled"
"143",431877,62,"Mechanics Plaza (Market at Battery)","Mechanics Plaza (Market at Battery)",75,75,"cancelled"
"144",431872,83,"Embarcadero at Sansome","Embarcadero at Sansome",60,60,"cancelled"
"145",431764,121,"Harry Bridges Plaza (Ferry Building)","Harry Bridges Plaza (Ferry Building)",50,50,"cancelled"
"146",431692,62,"Commercial at Montgomery","Commercial at Montgomery",45,45,"cancelled"
"147",429029,66,"Civic Center BART (7th at Market)","Civic Center BART (7th at Market)",72,72,"cancelled"
"148",427340,77,"San Francisco Caltrain (Townsend at 4th)","San Francisco Caltrain (Townsend at 4th)",70,70,"cancelled"
"149",427006,95,"San Francisco Caltrain 2 (330 Townsend)","San Francisco Caltrain 2 (330 Townsend)",69,69,"cancelled"
"150",426408,120,"2nd at Folsom","2nd at Folsom",62,62,"cancelled"
"151",426231,68,"Grant Avenue at Columbus Avenue","Grant Avenue at Columbus Avenue",73,73,"cancelled"
"152",426115,99,"Market at 4th","Market at 4th",76,76,"cancelled"
"153",425916,78,"South Van Ness at Market","South Van Ness at Market",66,66,"cancelled"
"154",425355,139,"South Van Ness at Market","South Van Ness at Market",66,66,"cancelled"
"155",424820,179,"San Salvador at 1st","San Salvador at 1st",8,8,"cancelled"
"156",423272,75,"Embarcadero at Folsom","Embarcadero at Folsom",51,51,"cancelled"
"157",421797,64,"San Francisco City Hall","San Francisco City Hall",58,58,"cancelled"
"158",421417,97,"Powell at Post (Union Square)","Powell at Post (Union Square)",71,71,"cancelled"
"159",421267,62,"Post at Kearny","Post at Kearny",47,47,"cancelled"
"160",420691,116,"Davis at Jackson","Davis at Jackson",42,42,"cancelled"
"161",419506,104,"Embarcadero at Bryant","Embarcadero at Bryant",54,54,"cancelled"
"162",419504,64,"San Francisco Caltrain (Townsend at 4th)","San Francisco Caltrain (Townsend at 4th)",70,70,"cancelled"
"163",419290,98,"Santa Clara County Civic Center","Santa Clara County Civic Center",80,80,"cancelled"
"164",419199,78,"Embarcadero at Sansome","Embarcadero at Sansome",60,60,"cancelled"
"165",418587,74,"Market at 10th","Market at 10th",67,67,"cancelled"
"166",417880,97,"Ryland Park","Ryland Park",84,84,"cancelled"
"167",417561,90,"Townsend at 7th","Townsend at 7th",65,65,"cancelled"
"168",417074,72,"Embarcadero at Sansome","Embarcadero at Sansome",60,60,"cancelled"
"169",416452,64,"Steuart at Market","Steuart at Market",74,74,"cancelled"
"170",414736,115,"Powell at Post (Union Square)","Powell at Post (Union Square)",71,71,"cancelled"
"171",412441,64,"MLK Library","MLK Library",11,11,"cancelled"
"172",412246,110,"Powell Street BART","Powell Street BART",39,39,"cancelled"
"173",412121,147,"Embarcadero at Folsom","Embarcadero at Folsom",51,51,"cancelled"
"174",412119,158,"Embarcadero at Folsom","Embarcadero at Folsom",51,51,"cancelled"
"175",412004,61,"Powell Street BART","Powell Street BART",39,39,"cancelled"
"176",411589,93,"Civic Center BART (7th at Market)","Civic Center BART (7th at Market)",72,72,"cancelled"
"177",411516,167,"2nd at Townsend","2nd at Townsend",61,61,"cancelled"
"178",411312,171,"Spear at Folsom","Spear at Folsom",49,49,"cancelled"
"179",411033,138,"2nd at Townsend","2nd at Townsend",61,61,"cancelled"
"180",410597,60,"Broadway St at Battery St","Broadway St at Battery St",82,82,"cancelled"
"181",410162,64,"Temporary Transbay Terminal (Howard at Beale)","Temporary Transbay Terminal (Howard at Beale)",55,55,"cancelled"
"182",410102,71,"Grant Avenue at Columbus Avenue","Grant Avenue at Columbus Avenue",73,73,"cancelled"
"183",410101,79,"Grant Avenue at Columbus Avenue","Grant Avenue at Columbus Avenue",73,73,"cancelled"
"184",409979,63,"Powell Street BART","Powell Street BART",39,39,"cancelled"
"185",409345,62,"Townsend at 7th","Townsend at 7th",65,65,"cancelled"
"186",407303,85,"2nd at Townsend","2nd at Townsend",61,61,"cancelled"
"187",407302,84,"2nd at Townsend","2nd at Townsend",61,61,"cancelled"
"188",406512,69,"San Salvador at 1st","San Salvador at 1st",8,8,"cancelled"
"189",405485,85,"Howard at 2nd","Howard at 2nd",63,63,"cancelled"
"190",405130,174,"Howard at 2nd","Howard at 2nd",63,63,"cancelled"
"191",405126,122,"Howard at 2nd","Howard at 2nd",63,63,"cancelled"
"192",404833,103,"San Francisco Caltrain 2 (330 Townsend)","San Francisco Caltrain 2 (330 Townsend)",69,69,"cancelled"
"193",404794,117,"San Francisco Caltrain (Townsend at 4th)","San Francisco Caltrain (Townsend at 4th)",70,70,"cancelled"
"194",404133,179,"Spear at Folsom","Spear at Folsom",49,49,"cancelled"
"195",403886,70,"Davis at Jackson","Davis at Jackson",42,42,"cancelled"
"196",403304,117,"Embarcadero at Vallejo","Embarcadero at Vallejo",48,48,"cancelled"
"197",403141,117,"Embarcadero at Vallejo","Embarcadero at Vallejo",48,48,"cancelled"
"198",402968,148,"Broadway St at Battery St","Broadway St at Battery St",82,82,"cancelled"
"199",402714,71,"Market at 10th","Market at 10th",67,67,"cancelled"
"200",402529,61,"San Francisco Caltrain (Townsend at 4th)","San Francisco Caltrain (Townsend at 4th)",70,70,"cancelled"
"201",402193,176,"Grant Avenue at Columbus Avenue","Grant Avenue at Columbus Avenue",73,73,"cancelled"
"202",402148,144,"Civic Center BART (7th at Market)","Civic Center BART (7th at Market)",72,72,"cancelled"
"203",401877,83,"Yerba Buena Center of the Arts (3rd @ Howard)","Yerba Buena Center of the Arts (3rd @ Howard)",68,68,"cancelled"
"204",401640,69,"Grant Avenue at Columbus Avenue","Grant Avenue at Columbus Avenue",73,73,"cancelled"
"205",401561,95,"Commercial at Montgomery","Commercial at Montgomery",45,45,"cancelled"
"206",401470,120,"SJSU 4th at San Carlos","SJSU 4th at San Carlos",12,12,"cancelled"
"207",401302,124,"Grant Avenue at Columbus Avenue","Grant Avenue at Columbus Avenue",73,73,"cancelled"
"208",401293,128,"Commercial at Montgomery","Commercial at Montgomery",45,45,"cancelled"
"209",401171,71,"Embarcadero at Bryant","Embarcadero at Bryant",54,54,"cancelled"
"210",401167,99,"San Salvador at 1st","San Salvador at 1st",8,8,"cancelled"
"211",400943,73,"Broadway St at Battery St","Broadway St at Battery St",82,82,"cancelled"
"212",400902,66,"Market at Sansome","Market at Sansome",77,77,"cancelled"
"213",400122,107,"Powell Street BART","Powell Street BART",39,39,"cancelled"
"214",399593,153,"Grant Avenue at Columbus Avenue","Grant Avenue at Columbus Avenue",73,73,"cancelled"
"215",399551,83,"Howard at 2nd","Howard at 2nd",63,63,"cancelled"
"216",399515,88,"Market at 4th","Market at 4th",76,76,"cancelled"
"217",399150,76,"Washington at Kearny","Washington at Kearny",46,46,"cancelled"
"218",398598,112,"Powell at Post (Union Square)","Powell at Post (Union Square)",71,71,"cancelled"
"219",398360,93,"Grant Avenue at Columbus Avenue","Grant Avenue at Columbus Avenue",73,73,"cancelled"
"220",398084,90,"Civic Center BART (7th at Market)","Civic Center BART (7th at Market)",72,72,"cancelled"
"221",397931,85,"Washington at Kearny","Washington at Kearny",46,46,"cancelled"
"222",396985,71,"Temporary Transbay Terminal (Howard at Beale)","Temporary Transbay Terminal (Howard at Beale)",55,55,"cancelled"
"223",396749,72,"Golden Gate at Polk","Golden Gate at Polk",59,59,"cancelled"
"224",395646,63,"Townsend at 7th","Townsend at 7th",65,65,"cancelled"
"225",395535,128,"San Jose City Hall","San Jose City Hall",10,10,"cancelled"
"226",395071,76,"2nd at Townsend","2nd at Townsend",61,61,"cancelled"
"227",395068,72,"2nd at Townsend","2nd at Townsend",61,61,"cancelled"
"228",395053,117,"2nd at Townsend","2nd at Townsend",61,61,"cancelled"
"229",395037,144,"Davis at Jackson","Davis at Jackson",42,42,"cancelled"
"230",395023,100,"2nd at Townsend","2nd at Townsend",61,61,"cancelled"
"231",394843,123,"Commercial at Montgomery","Commercial at Montgomery",45,45,"cancelled"
"232",393905,86,"Market at 4th","Market at 4th",76,76,"cancelled"
"233",393524,112,"Steuart at Market","Steuart at Market",74,74,"cancelled"
"234",393517,91,"Steuart at Market","Steuart at Market",74,74,"cancelled"
"235",393324,77,"California Ave Caltrain Station","California Ave Caltrain Station",36,36,"cancelled"
"236",392709,71,"Grant Avenue at Columbus Avenue","Grant Avenue at Columbus Avenue",73,73,"cancelled"
"237",392591,134,"Powell at Post (Union Square)","Powell at Post (Union Square)",71,71,"cancelled"
"238",391985,168,"Civic Center BART (7th at Market)","Civic Center BART (7th at Market)",72,72,"cancelled"
"239",391854,110,"Market at 10th","Market at 10th",67,67,"cancelled"
"240",391795,65,"Powell at Post (Union Square)","Powell at Post (Union Square)",71,71,"cancelled"
"241",391635,100,"Townsend at 7th","Townsend at 7th",65,65,"cancelled"
"242",391628,74,"Market at 4th","Market at 4th",76,76,"cancelled"
"243",391515,68,"Redwood City Caltrain Station","Redwood City Caltrain Station",22,22,"cancelled"
"244",391124,74,"Howard at 2nd","Howard at 2nd",63,63,"cancelled"
"245",390458,76,"Market at 10th","Market at 10th",67,67,"cancelled"
"246",390373,80,"Powell at Post (Union Square)","Powell at Post (Union Square)",71,71,"cancelled"
"247",390245,66,"Harry Bridges Plaza (Ferry Building)","Harry Bridges Plaza (Ferry Building)",50,50,"cancelled"
"248",389771,110,"Harry Bridges Plaza (Ferry Building)","Harry Bridges Plaza (Ferry Building)",50,50,"cancelled"
"249",389034,113,"Embarcadero at Vallejo","Embarcadero at Vallejo",48,48,"cancelled"
"250",388866,173,"Santa Clara County Civic Center","Santa Clara County Civic Center",80,80,"cancelled"
"251",388558,97,"Powell Street BART","Powell Street BART",39,39,"cancelled"
"252",387043,91,"MLK Library","MLK Library",11,11,"cancelled"
"253",386598,74,"Embarcadero at Sansome","Embarcadero at Sansome",60,60,"cancelled"
"254",385913,107,"2nd at Townsend","2nd at Townsend",61,61,"cancelled"
"255",385761,123,"2nd at Folsom","2nd at Folsom",62,62,"cancelled"
"256",385728,72,"Embarcadero at Folsom","Embarcadero at Folsom",51,51,"cancelled"
"257",385595,133,"California Ave Caltrain Station","California Ave Caltrain Station",36,36,"cancelled"
"258",384644,98,"MLK Library","MLK Library",11,11,"cancelled"
"259",384269,77,"Civic Center BART (7th at Market)","Civic Center BART (7th at Market)",72,72,"cancelled"
"260",383893,65,"Embarcadero at Bryant","Embarcadero at Bryant",54,54,"cancelled"
"261",383292,98,"Howard at 2nd","Howard at 2nd",63,63,"cancelled"
"262",383130,86,"Harry Bridges Plaza (Ferry Building)","Harry Bridges Plaza (Ferry Building)",50,50,"cancelled"
"263",383034,70,"Market at Sansome","Market at Sansome",77,77,"cancelled"
"264",382721,166,"Civic Center BART (7th at Market)","Civic Center BART (7th at Market)",72,72,"cancelled"
"265",382648,169,"Howard at 2nd","Howard at 2nd",63,63,"cancelled"
"266",382631,123,"Civic Center BART (7th at Market)","Civic Center BART (7th at Market)",72,72,"cancelled"
"267",382561,72,"2nd at Townsend","2nd at Townsend",61,61,"cancelled"
"268",382334,125,"Civic Center BART (7th at Market)","Civic Center BART (7th at Market)",72,72,"cancelled"
"269",382260,71,"Civic Center BART (7th at Market)","Civic Center BART (7th at Market)",72,72,"cancelled"
"270",382259,65,"Civic Center BART (7th at Market)","Civic Center BART (7th at Market)",72,72,"cancelled"
"271",382082,102,"Howard at 2nd","Howard at 2nd",63,63,"cancelled"
"272",381793,103,"San Francisco Caltrain 2 (330 Townsend)","San Francisco Caltrain 2 (330 Townsend)",69,69,"cancelled"
"273",381791,126,"San Francisco Caltrain 2 (330 Townsend)","San Francisco Caltrain 2 (330 Townsend)",69,69,"cancelled"
"274",381670,89,"South Van Ness at Market","South Van Ness at Market",66,66,"cancelled"
"275",381660,94,"San Pedro Square","San Pedro Square",6,6,"cancelled"
"276",381478,66,"Harry Bridges Plaza (Ferry Building)","Harry Bridges Plaza (Ferry Building)",50,50,"cancelled"
"277",381342,145,"Mechanics Plaza (Market at Battery)","Mechanics Plaza (Market at Battery)",75,75,"cancelled"
"278",381273,161,"Powell at Post (Union Square)","Powell at Post (Union Square)",71,71,"cancelled"
"279",380912,83,"Castro Street and El Camino Real","Castro Street and El Camino Real",32,32,"cancelled"
"280",380584,60,"Castro Street and El Camino Real","Castro Street and El Camino Real",32,32,"cancelled"
"281",380498,67,"Grant Avenue at Columbus Avenue","Grant Avenue at Columbus Avenue",73,73,"cancelled"
"282",380231,88,"Market at Sansome","Market at Sansome",77,77,"cancelled"
"283",380026,171,"2nd at Townsend","2nd at Townsend",61,61,"cancelled"
"284",379667,121,"Washington at Kearny","Washington at Kearny",46,46,"cancelled"
"285",379466,132,"San Francisco Caltrain 2 (330 Townsend)","San Francisco Caltrain 2 (330 Townsend)",69,69,"cancelled"
"286",378420,100,"San Francisco Caltrain 2 (330 Townsend)","San Francisco Caltrain 2 (330 Townsend)",69,69,"cancelled"
"287",377777,118,"Mechanics Plaza (Market at Battery)","Mechanics Plaza (Market at Battery)",75,75,"cancelled"
"288",376936,100,"Davis at Jackson","Davis at Jackson",42,42,"cancelled"
"289",376699,101,"Grant Avenue at Columbus Avenue","Grant Avenue at Columbus Avenue",73,73,"cancelled"
"290",376698,108,"Grant Avenue at Columbus Avenue","Grant Avenue at Columbus Avenue",73,73,"cancelled"
"291",376560,114,"Broadway St at Battery St","Broadway St at Battery St",82,82,"cancelled"
"292",376352,82,"Paseo de San Antonio","Paseo de San Antonio",7,7,"cancelled"
"293",376204,80,"San Francisco Caltrain 2 (330 Townsend)","San Francisco Caltrain 2 (330 Townsend)",69,69,"cancelled"
"294",372630,67,"Clay at Battery","Clay at Battery",41,41,"cancelled"
"295",372314,63,"SJSU - San Salvador at 9th","SJSU - San Salvador at 9th",16,16,"cancelled"
"296",371977,72,"Market at 10th","Market at 10th",67,67,"cancelled"
"297",371573,73,"Civic Center BART (7th at Market)","Civic Center BART (7th at Market)",72,72,"cancelled"
"298",371186,161,"San Francisco Caltrain 2 (330 Townsend)","San Francisco Caltrain 2 (330 Townsend)",69,69,"cancelled"
"299",371048,63,"Embarcadero at Sansome","Embarcadero at Sansome",60,60,"cancelled"
"300",370872,82,"Embarcadero at Bryant","Embarcadero at Bryant",54,54,"cancelled"
"301",370852,76,"Embarcadero at Vallejo","Embarcadero at Vallejo",48,48,"cancelled"
"302",370850,147,"Embarcadero at Vallejo","Embarcadero at Vallejo",48,48,"cancelled"
"303",370656,80,"Steuart at Market","Steuart at Market",74,74,"cancelled"
"304",370513,115,"2nd at Townsend","2nd at Townsend",61,61,"cancelled"
"305",369931,107,"Temporary Transbay Terminal (Howard at Beale)","Temporary Transbay Terminal (Howard at Beale)",55,55,"cancelled"
"306",369909,69,"Spear at Folsom","Spear at Folsom",49,49,"cancelled"
"307",369545,144,"2nd at Townsend","2nd at Townsend",61,61,"cancelled"
"308",369264,142,"Steuart at Market","Steuart at Market",74,74,"cancelled"
"309",369128,73,"Grant Avenue at Columbus Avenue","Grant Avenue at Columbus Avenue",73,73,"cancelled"
"310",369120,145,"Commercial at Montgomery","Commercial at Montgomery",45,45,"cancelled"
"311",369068,167,"Castro Street and El Camino Real","Castro Street and El Camino Real",32,32,"cancelled"
"312",368785,164,"Harry Bridges Plaza (Ferry Building)","Harry Bridges Plaza (Ferry Building)",50,50,"cancelled"
"313",368498,64,"2nd at Townsend","2nd at Townsend",61,61,"cancelled"
"314",368161,160,"Civic Center BART (7th at Market)","Civic Center BART (7th at Market)",72,72,"cancelled"
"315",366075,97,"Harry Bridges Plaza (Ferry Building)","Harry Bridges Plaza (Ferry Building)",50,50,"cancelled"
"316",365458,72,"Yerba Buena Center of the Arts (3rd @ Howard)","Yerba Buena Center of the Arts (3rd @ Howard)",68,68,"cancelled"
"317",363454,65,"Temporary Transbay Terminal (Howard at Beale)","Temporary Transbay Terminal (Howard at Beale)",55,55,"cancelled"
"318",362788,60,"Powell Street BART","Powell Street BART",39,39,"cancelled"
"319",362685,68,"Embarcadero at Sansome","Embarcadero at Sansome",60,60,"cancelled"
"320",362449,85,"San Francisco Caltrain (Townsend at 4th)","San Francisco Caltrain (Townsend at 4th)",70,70,"cancelled"
"321",362273,122,"Market at 10th","Market at 10th",67,67,"cancelled"
"322",361865,124,"San Francisco Caltrain (Townsend at 4th)","San Francisco Caltrain (Townsend at 4th)",70,70,"cancelled"
"323",361584,152,"South Van Ness at Market","South Van Ness at Market",66,66,"cancelled"
"324",361379,168,"Palo Alto Caltrain Station","Palo Alto Caltrain Station",34,34,"cancelled"
"325",360744,73,"Harry Bridges Plaza (Ferry Building)","Harry Bridges Plaza (Ferry Building)",50,50,"cancelled"
"326",360471,68,"Townsend at 7th","Townsend at 7th",65,65,"cancelled"
"327",360102,75,"Spear at Folsom","Spear at Folsom",49,49,"cancelled"
"328",360073,140,"Embarcadero at Sansome","Embarcadero at Sansome",60,60,"cancelled"
"329",358911,82,"Redwood City Public Library","Redwood City Public Library",24,24,"cancelled"
"330",358605,61,"San Francisco Caltrain (Townsend at 4th)","San Francisco Caltrain (Townsend at 4th)",70,70,"cancelled"
"331",358195,115,"Mechanics Plaza (Market at Battery)","Mechanics Plaza (Market at Battery)",75,75,"cancelled"
"332",357966,118,"San Francisco Caltrain (Townsend at 4th)","San Francisco Caltrain (Townsend at 4th)",70,70,"cancelled"
"333",355819,115,"SJSU 4th at San Carlos","SJSU 4th at San Carlos",12,12,"cancelled"
"334",355410,115,"Mechanics Plaza (Market at Battery)","Mechanics Plaza (Market at Battery)",75,75,"cancelled"
"335",354472,124,"San Francisco Caltrain (Townsend at 4th)","San Francisco Caltrain (Townsend at 4th)",70,70,"cancelled"
"336",354444,97,"Davis at Jackson","Davis at Jackson",42,42,"cancelled"
"337",354287,73,"Grant Avenue at Columbus Avenue","Grant Avenue at Columbus Avenue",73,73,"cancelled"
"338",353955,95,"Market at 4th","Market at 4th",76,76,"cancelled"
"339",353765,62,"Townsend at 7th","Townsend at 7th",65,65,"cancelled"
"340",353684,98,"Market at 10th","Market at 10th",67,67,"cancelled"
"341",353374,67,"Mechanics Plaza (Market at Battery)","Mechanics Plaza (Market at Battery)",75,75,"cancelled"
"342",352973,84,"Civic Center BART (7th at Market)","Civic Center BART (7th at Market)",72,72,"cancelled"
"343",352936,104,"2nd at Townsend","2nd at Townsend",61,61,"cancelled"
"344",352741,62,"Temporary Transbay Terminal (Howard at Beale)","Temporary Transbay Terminal (Howard at Beale)",55,55,"cancelled"
"345",352572,104,"Paseo de San Antonio","Paseo de San Antonio",7,7,"cancelled"
"346",352169,169,"Harry Bridges Plaza (Ferry Building)","Harry Bridges Plaza (Ferry Building)",50,50,"cancelled"
"347",352099,68,"Mechanics Plaza (Market at Battery)","Mechanics Plaza (Market at Battery)",75,75,"cancelled"
"348",352094,137,"Redwood City Caltrain Station","Redwood City Caltrain Station",22,22,"cancelled"
"349",352036,104,"Beale at Market","Beale at Market",56,56,"cancelled"
"350",351951,115,"University and Emerson","University and Emerson",35,35,"cancelled"
"351",351711,119,"Washington at Kearny","Washington at Kearny",46,46,"cancelled"
"352",351551,130,"2nd at Townsend","2nd at Townsend",61,61,"cancelled"
"353",351540,171,"Harry Bridges Plaza (Ferry Building)","Harry Bridges Plaza (Ferry Building)",50,50,"cancelled"
"354",351174,128,"Commercial at Montgomery","Commercial at Montgomery",45,45,"cancelled"
"355",350760,64,"Embarcadero at Sansome","Embarcadero at Sansome",60,60,"cancelled"
"356",350599,133,"SJSU 4th at San Carlos","SJSU 4th at San Carlos",12,12,"cancelled"
"357",350523,158,"Embarcadero at Bryant","Embarcadero at Bryant",54,54,"cancelled"
"358",350302,139,"San Francisco City Hall","San Francisco City Hall",58,58,"cancelled"
"359",348975,162,"Townsend at 7th","Townsend at 7th",65,65,"cancelled"
"360",348468,95,"San Mateo County Center","San Mateo County Center",23,23,"cancelled"
"361",347798,61,"2nd at Townsend","2nd at Townsend",61,61,"cancelled"
"362",344472,114,"San Francisco Caltrain 2 (330 Townsend)","San Francisco Caltrain 2 (330 Townsend)",69,69,"cancelled"
"363",344450,81,"San Francisco Caltrain 2 (330 Townsend)","San Francisco Caltrain 2 (330 Townsend)",69,69,"cancelled"
"364",344383,109,"Commercial at Montgomery","Commercial at Montgomery",45,45,"cancelled"
"365",344218,102,"Washington at Kearny","Washington at Kearny",46,46,"cancelled"
"366",344094,72,"San Francisco Caltrain 2 (330 Townsend)","San Francisco Caltrain 2 (330 Townsend)",69,69,"cancelled"
"367",343996,69,"2nd at Townsend","2nd at Townsend",61,61,"cancelled"
"368",343925,101,"San Jose Diridon Caltrain Station","San Jose Diridon Caltrain Station",2,2,"cancelled"
"369",343771,70,"Townsend at 7th","Townsend at 7th",65,65,"cancelled"
"370",343567,113,"2nd at Townsend","2nd at Townsend",61,61,"cancelled"
"371",343456,64,"Embarcadero at Sansome","Embarcadero at Sansome",60,60,"cancelled"
"372",343349,165,"California Ave Caltrain Station","California Ave Caltrain Station",36,36,"cancelled"
"373",343277,69,"San Jose City Hall","San Jose City Hall",10,10,"cancelled"
"374",343176,166,"Embarcadero at Sansome","Embarcadero at Sansome",60,60,"cancelled"
"375",343175,178,"Embarcadero at Sansome","Embarcadero at Sansome",60,60,"cancelled"
"376",343072,101,"Beale at Market","Beale at Market",56,56,"cancelled"
"377",342954,115,"Harry Bridges Plaza (Ferry Building)","Harry Bridges Plaza (Ferry Building)",50,50,"cancelled"
"378",342931,82,"San Francisco Caltrain (Townsend at 4th)","San Francisco Caltrain (Townsend at 4th)",70,70,"cancelled"
"379",341966,133,"Embarcadero at Folsom","Embarcadero at Folsom",51,51,"cancelled"
"380",341663,82,"Yerba Buena Center of the Arts (3rd @ Howard)","Yerba Buena Center of the Arts (3rd @ Howard)",68,68,"cancelled"
"381",341495,109,"Embarcadero at Sansome","Embarcadero at Sansome",60,60,"cancelled"
"382",341122,74,"South Van Ness at Market","South Van Ness at Market",66,66,"cancelled"
"383",340859,122,"Grant Avenue at Columbus Avenue","Grant Avenue at Columbus Avenue",73,73,"cancelled"
"384",340214,135,"Market at Sansome","Market at Sansome",77,77,"cancelled"
"385",339326,66,"Palo Alto Caltrain Station","Palo Alto Caltrain Station",34,34,"cancelled"
"386",339173,129,"San Francisco Caltrain (Townsend at 4th)","San Francisco Caltrain (Townsend at 4th)",70,70,"cancelled"
"387",339052,82,"Embarcadero at Bryant","Embarcadero at Bryant",54,54,"cancelled"
"388",338716,100,"Civic Center BART (7th at Market)","Civic Center BART (7th at Market)",72,72,"cancelled"
"389",338661,67,"Civic Center BART (7th at Market)","Civic Center BART (7th at Market)",72,72,"cancelled"
"390",337907,92,"Embarcadero at Bryant","Embarcadero at Bryant",54,54,"cancelled"
"391",337782,65,"San Jose Diridon Caltrain Station","San Jose Diridon Caltrain Station",2,2,"cancelled"
"392",337101,144,"Davis at Jackson","Davis at Jackson",42,42,"cancelled"
"393",337040,119,"Embarcadero at Folsom","Embarcadero at Folsom",51,51,"cancelled"
"394",335861,142,"Townsend at 7th","Townsend at 7th",65,65,"cancelled"
"395",335857,153,"San Francisco Caltrain 2 (330 Townsend)","San Francisco Caltrain 2 (330 Townsend)",69,69,"cancelled"
"396",335844,60,"Powell Street BART","Powell Street BART",39,39,"cancelled"
"397",334921,156,"Temporary Transbay Terminal (Howard at Beale)","Temporary Transbay Terminal (Howard at Beale)",55,55,"cancelled"
"398",334622,86,"Mountain View Caltrain Station","Mountain View Caltrain Station",28,28,"cancelled"
"399",334371,152,"Embarcadero at Sansome","Embarcadero at Sansome",60,60,"cancelled"
"400",334313,144,"Embarcadero at Sansome","Embarcadero at Sansome",60,60,"cancelled"
"401",333981,104,"Market at 4th","Market at 4th",76,76,"cancelled"
"402",333960,103,"Market at 4th","Market at 4th",76,76,"cancelled"
"403",333844,168,"Washington at Kearny","Washington at Kearny",46,46,"cancelled"
"404",333595,130,"San Francisco Caltrain 2 (330 Townsend)","San Francisco Caltrain 2 (330 Townsend)",69,69,"cancelled"
"405",333215,67,"SJSU - San Salvador at 9th","SJSU - San Salvador at 9th",16,16,"cancelled"
"406",332961,66,"Townsend at 7th","Townsend at 7th",65,65,"cancelled"
"407",331918,82,"Embarcadero at Bryant","Embarcadero at Bryant",54,54,"cancelled"
"408",331195,91,"Powell Street BART","Powell Street BART",39,39,"cancelled"
"409",330840,79,"Palo Alto Caltrain Station","Palo Alto Caltrain Station",34,34,"cancelled"
"410",330309,154,"Evelyn Park and Ride","Evelyn Park and Ride",30,30,"cancelled"
"411",330130,177,"2nd at South Park","2nd at South Park",64,64,"cancelled"
"412",330099,83,"Embarcadero at Vallejo","Embarcadero at Vallejo",48,48,"cancelled"
"413",329734,177,"Market at 10th","Market at 10th",67,67,"cancelled"
"414",329580,66,"University and Emerson","University and Emerson",35,35,"cancelled"
"415",329502,66,"Market at Sansome","Market at Sansome",77,77,"cancelled"
"416",329263,109,"2nd at Folsom","2nd at Folsom",62,62,"cancelled"
"417",328091,75,"Townsend at 7th","Townsend at 7th",65,65,"cancelled"
"418",326559,168,"2nd at Townsend","2nd at Townsend",61,61,"cancelled"
"419",326126,84,"Embarcadero at Sansome","Embarcadero at Sansome",60,60,"cancelled"
"420",326010,61,"Commercial at Montgomery","Commercial at Montgomery",45,45,"cancelled"
"421",325463,70,"San Francisco Caltrain (Townsend at 4th)","San Francisco Caltrain (Townsend at 4th)",70,70,"cancelled"
"422",324936,68,"Cowper at University","Cowper at University",37,37,"cancelled"
"423",324325,61,"Powell Street BART","Powell Street BART",39,39,"cancelled"
"424",324025,160,"Yerba Buena Center of the Arts (3rd @ Howard)","Yerba Buena Center of the Arts (3rd @ Howard)",68,68,"cancelled"
"425",323841,76,"Yerba Buena Center of the Arts (3rd @ Howard)","Yerba Buena Center of the Arts (3rd @ Howard)",68,68,"cancelled"
"426",323341,125,"Market at 10th","Market at 10th",67,67,"cancelled"
"427",323016,92,"Evelyn Park and Ride","Evelyn Park and Ride",30,30,"cancelled"
"428",322786,72,"Harry Bridges Plaza (Ferry Building)","Harry Bridges Plaza (Ferry Building)",50,50,"cancelled"
"429",322396,154,"Mechanics Plaza (Market at Battery)","Mechanics Plaza (Market at Battery)",75,75,"cancelled"
"430",322176,102,"Civic Center BART (7th at Market)","Civic Center BART (7th at Market)",72,72,"cancelled"
"431",321159,64,"Civic Center BART (7th at Market)","Civic Center BART (7th at Market)",72,72,"cancelled"
"432",320873,136,"SJSU - San Salvador at 9th","SJSU - San Salvador at 9th",16,16,"cancelled"
"433",319962,129,"Paseo de San Antonio","Paseo de San Antonio",7,7,"cancelled"
"434",319259,68,"2nd at South Park","2nd at South Park",64,64,"cancelled"
"435",318992,102,"San Jose Diridon Caltrain Station","San Jose Diridon Caltrain Station",2,2,"cancelled"
"436",318967,82,"Redwood City Public Library","Redwood City Public Library",24,24,"cancelled"
"437",317774,104,"5th at Howard","5th at Howard",57,57,"cancelled"
"438",317135,81,"Broadway St at Battery St","Broadway St at Battery St",82,82,"cancelled"
"439",315209,91,"SJSU 4th at San Carlos","SJSU 4th at San Carlos",12,12,"cancelled"
"440",314762,129,"Steuart at Market","Steuart at Market",74,74,"cancelled"
"441",314750,163,"San Francisco Caltrain (Townsend at 4th)","San Francisco Caltrain (Townsend at 4th)",70,70,"cancelled"
"442",314677,66,"Powell Street BART","Powell Street BART",39,39,"cancelled"
"443",314471,71,"San Francisco Caltrain (Townsend at 4th)","San Francisco Caltrain (Townsend at 4th)",70,70,"cancelled"
"444",313970,152,"Mechanics Plaza (Market at Battery)","Mechanics Plaza (Market at Battery)",75,75,"cancelled"
"445",313474,112,"San Francisco Caltrain (Townsend at 4th)","San Francisco Caltrain (Townsend at 4th)",70,70,"cancelled"
"446",313345,70,"San Jose Civic Center","San Jose Civic Center",3,3,"cancelled"
"447",312777,120,"Grant Avenue at Columbus Avenue","Grant Avenue at Columbus Avenue",73,73,"cancelled"
"448",312214,126,"Market at 4th","Market at 4th",76,76,"cancelled"
"449",311841,65,"San Francisco Caltrain (Townsend at 4th)","San Francisco Caltrain (Townsend at 4th)",70,70,"cancelled"
"450",311450,157,"Embarcadero at Vallejo","Embarcadero at Vallejo",48,48,"cancelled"
"451",311359,95,"Market at 4th","Market at 4th",76,76,"cancelled"
"452",310914,76,"2nd at Townsend","2nd at Townsend",61,61,"cancelled"
"453",310532,124,"Embarcadero at Vallejo","Embarcadero at Vallejo",48,48,"cancelled"
"454",310001,134,"San Francisco Caltrain 2 (330 Townsend)","San Francisco Caltrain 2 (330 Townsend)",69,69,"cancelled"
"455",309883,69,"Santa Clara County Civic Center","Santa Clara County Civic Center",80,80,"cancelled"
"456",309804,99,"Spear at Folsom","Spear at Folsom",49,49,"cancelled"
"457",308734,123,"2nd at Townsend","2nd at Townsend",61,61,"cancelled"
"458",308592,66,"2nd at Folsom","2nd at Folsom",62,62,"cancelled"
"459",308587,102,"2nd at Folsom","2nd at Folsom",62,62,"cancelled"
"460",308366,69,"Townsend at 7th","Townsend at 7th",65,65,"cancelled"
"461",308033,66,"Embarcadero at Folsom","Embarcadero at Folsom",51,51,"cancelled"
"462",307926,85,"Mountain View Caltrain Station","Mountain View Caltrain Station",28,28,"cancelled"
"463",306877,73,"Townsend at 7th","Townsend at 7th",65,65,"cancelled"
"464",306110,137,"Yerba Buena Center of the Arts (3rd @ Howard)","Yerba Buena Center of the Arts (3rd @ Howard)",68,68,"cancelled"
"465",305977,84,"Market at 4th","Market at 4th",76,76,"cancelled"
"466",305806,75,"Powell at Post (Union Square)","Powell at Post (Union Square)",71,71,"cancelled"
"467",305723,62,"Harry Bridges Plaza (Ferry Building)","Harry Bridges Plaza (Ferry Building)",50,50,"cancelled"
"468",305672,118,"Market at Sansome","Market at Sansome",77,77,"cancelled"
"469",305546,107,"Market at Sansome","Market at Sansome",77,77,"cancelled"
"470",305545,145,"Market at Sansome","Market at Sansome",77,77,"cancelled"
"471",304933,102,"5th at Howard","5th at Howard",57,57,"cancelled"
"472",304840,63,"University and Emerson","University and Emerson",35,35,"cancelled"
"473",304228,64,"Market at 4th","Market at 4th",76,76,"cancelled"
"474",302876,169,"Embarcadero at Vallejo","Embarcadero at Vallejo",48,48,"cancelled"
"475",301625,96,"Santa Clara County Civic Center","Santa Clara County Civic Center",80,80,"cancelled"
"476",301483,157,"Davis at Jackson","Davis at Jackson",42,42,"cancelled"
"477",299569,71,"Mechanics Plaza (Market at Battery)","Mechanics Plaza (Market at Battery)",75,75,"cancelled"
"478",299438,75,"Embarcadero at Sansome","Embarcadero at Sansome",60,60,"cancelled"
"479",299073,121,"San Francisco Caltrain 2 (330 Townsend)","San Francisco Caltrain 2 (330 Townsend)",69,69,"cancelled"
"480",298396,167,"2nd at Townsend","2nd at Townsend",61,61,"cancelled"
"481",297935,72,"Embarcadero at Bryant","Embarcadero at Bryant",54,54,"cancelled"
"482",297172,115,"Clay at Battery","Clay at Battery",41,41,"cancelled"
"483",296833,111,"Cowper at University","Cowper at University",37,37,"cancelled"
"484",296408,63,"5th at Howard","5th at Howard",57,57,"cancelled"
"485",296241,71,"San Francisco Caltrain (Townsend at 4th)","San Francisco Caltrain (Townsend at 4th)",70,70,"cancelled"
"486",296201,72,"San Antonio Shopping Center","San Antonio Shopping Center",31,31,"cancelled"
"487",296143,109,"San Francisco Caltrain 2 (330 Townsend)","San Francisco Caltrain 2 (330 Townsend)",69,69,"cancelled"
"488",294403,95,"Market at 4th","Market at 4th",76,76,"cancelled"
"489",294291,86,"San Francisco Caltrain (Townsend at 4th)","San Francisco Caltrain (Townsend at 4th)",70,70,"cancelled"
"490",293764,106,"Washington at Kearny","Washington at Kearny",46,46,"cancelled"
"491",293518,71,"Yerba Buena Center of the Arts (3rd @ Howard)","Yerba Buena Center of the Arts (3rd @ Howard)",68,68,"cancelled"
"492",292903,101,"University and Emerson","University and Emerson",35,35,"cancelled"
"493",291949,67,"Market at 10th","Market at 10th",67,67,"cancelled"
"494",291473,80,"Market at 10th","Market at 10th",67,67,"cancelled"
"495",290642,162,"Temporary Transbay Terminal (Howard at Beale)","Temporary Transbay Terminal (Howard at Beale)",55,55,"cancelled"
"496",290467,71,"Post at Kearny","Post at Kearny",47,47,"cancelled"
"497",290162,165,"2nd at Folsom","2nd at Folsom",62,62,"cancelled"
"498",289781,169,"Powell Street BART","Powell Street BART",39,39,"cancelled"
"499",289457,136,"Harry Bridges Plaza (Ferry Building)","Harry Bridges Plaza (Ferry Building)",50,50,"cancelled"
"500",289037,168,"Spear at Folsom","Spear at Folsom",49,49,"cancelled"
"501",288952,128,"Embarcadero at Sansome","Embarcadero at Sansome",60,60,"cancelled"
"502",288760,107,"Embarcadero at Folsom","Embarcadero at Folsom",51,51,"cancelled"
"503",288691,125,"Civic Center BART (7th at Market)","Civic Center BART (7th at Market)",72,72,"cancelled"
"504",288105,148,"Washington at Kearny","Washington at Kearny",46,46,"cancelled"
"505",288104,85,"Washington at Kearny","Washington at Kearny",46,46,"cancelled"
"506",287923,92,"Embarcadero at Sansome","Embarcadero at Sansome",60,60,"cancelled"
"507",287774,83,"Embarcadero at Sansome","Embarcadero at Sansome",60,60,"cancelled"
"508",287092,96,"Powell Street BART","Powell Street BART",39,39,"cancelled"
"509",286897,110,"University and Emerson","University and Emerson",35,35,"cancelled"
"510",286523,154,"Evelyn Park and Ride","Evelyn Park and Ride",30,30,"cancelled"
"511",286070,103,"Clay at Battery","Clay at Battery",41,41,"cancelled"
"512",285544,94,"Clay at Battery","Clay at Battery",41,41,"cancelled"
"513",285052,71,"Beale at Market","Beale at Market",56,56,"cancelled"
"514",284638,60,"Market at 10th","Market at 10th",67,67,"cancelled"
"515",284451,118,"San Francisco Caltrain (Townsend at 4th)","San Francisco Caltrain (Townsend at 4th)",70,70,"cancelled"
"516",284299,111,"Washington at Kearny","Washington at Kearny",46,46,"cancelled"
"517",283927,96,"Embarcadero at Bryant","Embarcadero at Bryant",54,54,"cancelled"
"518",283786,131,"Market at Sansome","Market at Sansome",77,77,"cancelled"
"519",282184,125,"Powell at Post (Union Square)","Powell at Post (Union Square)",71,71,"cancelled"
"520",281807,109,"South Van Ness at Market","South Van Ness at Market",66,66,"cancelled"
"521",281042,73,"Townsend at 7th","Townsend at 7th",65,65,"cancelled"
"522",280602,85,"Market at 10th","Market at 10th",67,67,"cancelled"
"523",280089,75,"Steuart at Market","Steuart at Market",74,74,"cancelled"
"524",279584,74,"Redwood City Public Library","Redwood City Public Library",24,24,"cancelled"
"525",279488,135,"2nd at South Park","2nd at South Park",64,64,"cancelled"
"526",279373,130,"Civic Center BART (7th at Market)","Civic Center BART (7th at Market)",72,72,"cancelled"
"527",279347,94,"Powell Street BART","Powell Street BART",39,39,"cancelled"
"528",279246,64,"Embarcadero at Vallejo","Embarcadero at Vallejo",48,48,"cancelled"
"529",278460,140,"Market at 4th","Market at 4th",76,76,"cancelled"
"530",278384,134,"Market at 4th","Market at 4th",76,76,"cancelled"
"531",277755,145,"Ryland Park","Ryland Park",84,84,"cancelled"
"532",277534,118,"San Francisco Caltrain (Townsend at 4th)","San Francisco Caltrain (Townsend at 4th)",70,70,"cancelled"
"533",277504,99,"Embarcadero at Folsom","Embarcadero at Folsom",51,51,"cancelled"
"534",277198,114,"San Jose City Hall","San Jose City Hall",10,10,"cancelled"
"535",277157,101,"Mechanics Plaza (Market at Battery)","Mechanics Plaza (Market at Battery)",75,75,"cancelled"
"536",276039,133,"Beale at Market","Beale at Market",56,56,"cancelled"
"537",275629,91,"Market at 10th","Market at 10th",67,67,"cancelled"
"538",275628,91,"Market at 10th","Market at 10th",67,67,"cancelled"
"539",275326,95,"Embarcadero at Sansome","Embarcadero at Sansome",60,60,"cancelled"
"540",274634,61,"Harry Bridges Plaza (Ferry Building)","Harry Bridges Plaza (Ferry Building)",50,50,"cancelled"
"541",274516,143,"Davis at Jackson","Davis at Jackson",42,42,"cancelled"
"542",273733,87,"Embarcadero at Sansome","Embarcadero at Sansome",60,60,"cancelled"
"543",272822,99,"Townsend at 7th","Townsend at 7th",65,65,"cancelled"
"544",272807,95,"Washington at Kearny","Washington at Kearny",46,46,"cancelled"
"545",272103,120,"Embarcadero at Folsom","Embarcadero at Folsom",51,51,"cancelled"
"546",271822,62,"Embarcadero at Sansome","Embarcadero at Sansome",60,60,"cancelled"
"547",271332,124,"Embarcadero at Folsom","Embarcadero at Folsom",51,51,"cancelled"
"548",271037,65,"Civic Center BART (7th at Market)","Civic Center BART (7th at Market)",72,72,"cancelled"
"549",270573,160,"San Pedro Square","San Pedro Square",6,6,"cancelled"
"550",270032,73,"San Jose City Hall","San Jose City Hall",10,10,"cancelled"
"551",269987,71,"Steuart at Market","Steuart at Market",74,74,"cancelled"
"552",269974,135,"Palo Alto Caltrain Station","Palo Alto Caltrain Station",34,34,"cancelled"
"553",269891,126,"San Jose Diridon Caltrain Station","San Jose Diridon Caltrain Station",2,2,"cancelled"
"554",269562,134,"Temporary Transbay Terminal (Howard at Beale)","Temporary Transbay Terminal (Howard at Beale)",55,55,"cancelled"
"555",269343,67,"Harry Bridges Plaza (Ferry Building)","Harry Bridges Plaza (Ferry Building)",50,50,"cancelled"
"556",269098,70,"Temporary Transbay Terminal (Howard at Beale)","Temporary Transbay Terminal (Howard at Beale)",55,55,"cancelled"
"557",268806,138,"Harry Bridges Plaza (Ferry Building)","Harry Bridges Plaza (Ferry Building)",50,50,"cancelled"
"558",268540,67,"Embarcadero at Vallejo","Embarcadero at Vallejo",48,48,"cancelled"
"559",268377,104,"Market at Sansome","Market at Sansome",77,77,"cancelled"
"560",268078,112,"Market at Sansome","Market at Sansome",77,77,"cancelled"
"561",267034,71,"Beale at Market","Beale at Market",56,56,"cancelled"
"562",266570,89,"5th at Howard","5th at Howard",57,57,"cancelled"
"563",266461,74,"Adobe on Almaden","Adobe on Almaden",5,5,"cancelled"
"564",266377,157,"Spear at Folsom","Spear at Folsom",49,49,"cancelled"
"565",263518,84,"2nd at Townsend","2nd at Townsend",61,61,"cancelled"
"566",262706,132,"Market at 10th","Market at 10th",67,67,"cancelled"
"567",262290,125,"Ryland Park","Ryland Park",84,84,"cancelled"
"568",261926,73,"Harry Bridges Plaza (Ferry Building)","Harry Bridges Plaza (Ferry Building)",50,50,"cancelled"
"569",261795,173,"Powell Street BART","Powell Street BART",39,39,"cancelled"
"570",261530,106,"2nd at Townsend","2nd at Townsend",61,61,"cancelled"
"571",261528,62,"Grant Avenue at Columbus Avenue","Grant Avenue at Columbus Avenue",73,73,"cancelled"
"572",261376,80,"San Francisco Caltrain (Townsend at 4th)","San Francisco Caltrain (Townsend at 4th)",70,70,"cancelled"
"573",261034,146,"Davis at Jackson","Davis at Jackson",42,42,"cancelled"
"574",260619,74,"Powell Street BART","Powell Street BART",39,39,"cancelled"
"575",260560,62,"Market at Sansome","Market at Sansome",77,77,"cancelled"
"576",260102,98,"Grant Avenue at Columbus Avenue","Grant Avenue at Columbus Avenue",73,73,"cancelled"
"577",259654,71,"5th at Howard","5th at Howard",57,57,"cancelled"
"578",259419,96,"Embarcadero at Bryant","Embarcadero at Bryant",54,54,"cancelled"
"579",258697,79,"Market at 4th","Market at 4th",76,76,"cancelled"
"580",258387,84,"San Francisco Caltrain 2 (330 Townsend)","San Francisco Caltrain 2 (330 Townsend)",69,69,"cancelled"
"581",258076,65,"San Francisco Caltrain 2 (330 Townsend)","San Francisco Caltrain 2 (330 Townsend)",69,69,"cancelled"
"582",257724,128,"5th at Howard","5th at Howard",57,57,"cancelled"
"583",257643,107,"Market at 4th","Market at 4th",76,76,"cancelled"
"584",257020,79,"Civic Center BART (7th at Market)","Civic Center BART (7th at Market)",72,72,"cancelled"
"585",256150,102,"San Francisco Caltrain 2 (330 Townsend)","San Francisco Caltrain 2 (330 Townsend)",69,69,"cancelled"
"586",255654,71,"Civic Center BART (7th at Market)","Civic Center BART (7th at Market)",72,72,"cancelled"
"587",255026,153,"Harry Bridges Plaza (Ferry Building)","Harry Bridges Plaza (Ferry Building)",50,50,"cancelled"
"588",254867,126,"Embarcadero at Folsom","Embarcadero at Folsom",51,51,"cancelled"
"589",254576,94,"Paseo de San Antonio","Paseo de San Antonio",7,7,"cancelled"
"590",254433,90,"Market at Sansome","Market at Sansome",77,77,"cancelled"
"591",254415,61,"San Jose Civic Center","San Jose Civic Center",3,3,"cancelled"
"592",254142,73,"Market at 4th","Market at 4th",76,76,"cancelled"
"593",253642,77,"Powell Street BART","Powell Street BART",39,39,"cancelled"
"594",253218,69,"San Francisco Caltrain (Townsend at 4th)","San Francisco Caltrain (Townsend at 4th)",70,70,"cancelled"
"595",253076,108,"Powell Street BART","Powell Street BART",39,39,"cancelled"
"596",251392,173,"Beale at Market","Beale at Market",56,56,"cancelled"
"597",251024,128,"Broadway St at Battery St","Broadway St at Battery St",82,82,"cancelled"
"598",250175,93,"Embarcadero at Bryant","Embarcadero at Bryant",54,54,"cancelled"
"599",250085,98,"Embarcadero at Bryant","Embarcadero at Bryant",54,54,"cancelled"
"600",249769,122,"2nd at Townsend","2nd at Townsend",61,61,"cancelled"
"601",249707,96,"Broadway St at Battery St","Broadway St at Battery St",82,82,"cancelled"
"602",249352,70,"San Pedro Square","San Pedro Square",6,6,"cancelled"
"603",249101,101,"Arena Green / SAP Center","Arena Green / SAP Center",14,14,"cancelled"
"604",248922,96,"Grant Avenue at Columbus Avenue","Grant Avenue at Columbus Avenue",73,73,"cancelled"
"605",248735,105,"Palo Alto Caltrain Station","Palo Alto Caltrain Station",34,34,"cancelled"
"606",248632,66,"San Francisco Caltrain 2 (330 Townsend)","San Francisco Caltrain 2 (330 Townsend)",69,69,"cancelled"
"607",248309,148,"2nd at Folsom","2nd at Folsom",62,62,"cancelled"
"608",247901,65,"Mechanics Plaza (Market at Battery)","Mechanics Plaza (Market at Battery)",75,75,"cancelled"
"609",247879,101,"Beale at Market","Beale at Market",56,56,"cancelled"
"610",247874,95,"Steuart at Market","Steuart at Market",74,74,"cancelled"
"611",246580,172,"2nd at Folsom","2nd at Folsom",62,62,"cancelled"
"612",246482,141,"Washington at Kearny","Washington at Kearny",46,46,"cancelled"
"613",246462,98,"Grant Avenue at Columbus Avenue","Grant Avenue at Columbus Avenue",73,73,"cancelled"
"614",246120,64,"South Van Ness at Market","South Van Ness at Market",66,66,"cancelled"
"615",246119,136,"Embarcadero at Sansome","Embarcadero at Sansome",60,60,"cancelled"
"616",246118,110,"South Van Ness at Market","South Van Ness at Market",66,66,"cancelled"
"617",246114,70,"Mechanics Plaza (Market at Battery)","Mechanics Plaza (Market at Battery)",75,75,"cancelled"
"618",246039,72,"Yerba Buena Center of the Arts (3rd @ Howard)","Yerba Buena Center of the Arts (3rd @ Howard)",68,68,"cancelled"
"619",245823,103,"South Van Ness at Market","South Van Ness at Market",66,66,"cancelled"
"620",245737,61,"South Van Ness at Market","South Van Ness at Market",66,66,"cancelled"
"621",245096,67,"Harry Bridges Plaza (Ferry Building)","Harry Bridges Plaza (Ferry Building)",50,50,"cancelled"
"622",244131,137,"Golden Gate at Polk","Golden Gate at Polk",59,59,"cancelled"
"623",244068,85,"San Antonio Caltrain Station","San Antonio Caltrain Station",29,29,"cancelled"
"624",243962,75,"Yerba Buena Center of the Arts (3rd @ Howard)","Yerba Buena Center of the Arts (3rd @ Howard)",68,68,"cancelled"
"625",243243,95,"Clay at Battery","Clay at Battery",41,41,"cancelled"
"626",242643,175,"5th at Howard","5th at Howard",57,57,"cancelled"
"627",242555,131,"Market at 4th","Market at 4th",76,76,"cancelled"
"628",242479,111,"Harry Bridges Plaza (Ferry Building)","Harry Bridges Plaza (Ferry Building)",50,50,"cancelled"
"629",242264,131,"California Ave Caltrain Station","California Ave Caltrain Station",36,36,"cancelled"
"630",241904,107,"Clay at Battery","Clay at Battery",41,41,"cancelled"
"631",241881,96,"Temporary Transbay Terminal (Howard at Beale)","Temporary Transbay Terminal (Howard at Beale)",55,55,"cancelled"
"632",241602,109,"Embarcadero at Vallejo","Embarcadero at Vallejo",48,48,"cancelled"
"633",241582,118,"Market at 10th","Market at 10th",67,67,"cancelled"
"634",241543,66,"Grant Avenue at Columbus Avenue","Grant Avenue at Columbus Avenue",73,73,"cancelled"
"635",240270,85,"San Francisco Caltrain (Townsend at 4th)","San Francisco Caltrain (Townsend at 4th)",70,70,"cancelled"
"636",239947,164,"Embarcadero at Sansome","Embarcadero at Sansome",60,60,"cancelled"
"637",239649,72,"Broadway St at Battery St","Broadway St at Battery St",82,82,"cancelled"
"638",239048,70,"Grant Avenue at Columbus Avenue","Grant Avenue at Columbus Avenue",73,73,"cancelled"
"639",238371,97,"Townsend at 7th","Townsend at 7th",65,65,"cancelled"
"640",238139,116,"Embarcadero at Vallejo","Embarcadero at Vallejo",48,48,"cancelled"
"641",237630,139,"San Francisco Caltrain 2 (330 Townsend)","San Francisco Caltrain 2 (330 Townsend)",69,69,"cancelled"
"642",237624,136,"San Francisco Caltrain (Townsend at 4th)","San Francisco Caltrain (Townsend at 4th)",70,70,"cancelled"
"643",236909,87,"Market at Sansome","Market at Sansome",77,77,"cancelled"
"644",236112,136,"South Van Ness at Market","South Van Ness at Market",66,66,"cancelled"
"645",236039,102,"San Francisco Caltrain 2 (330 Townsend)","San Francisco Caltrain 2 (330 Townsend)",69,69,"cancelled"
"646",235972,70,"San Antonio Caltrain Station","San Antonio Caltrain Station",29,29,"cancelled"
"647",234023,100,"San Francisco Caltrain 2 (330 Townsend)","San Francisco Caltrain 2 (330 Townsend)",69,69,"cancelled"
"648",233220,77,"Commercial at Montgomery","Commercial at Montgomery",45,45,"cancelled"
"649",233107,155,"Mechanics Plaza (Market at Battery)","Mechanics Plaza (Market at Battery)",75,75,"cancelled"
"650",232739,136,"San Antonio Caltrain Station","San Antonio Caltrain Station",29,29,"cancelled"
"651",232485,149,"Market at 10th","Market at 10th",67,67,"cancelled"
"652",232070,69,"San Francisco Caltrain (Townsend at 4th)","San Francisco Caltrain (Townsend at 4th)",70,70,"cancelled"
"653",231607,79,"Beale at Market","Beale at Market",56,56,"cancelled"
"654",231388,71,"Washington at Kearny","Washington at Kearny",46,46,"cancelled"
"655",231381,130,"Davis at Jackson","Davis at Jackson",42,42,"cancelled"
"656",231361,79,"Steuart at Market","Steuart at Market",74,74,"cancelled"
"657",230923,76,"Market at 4th","Market at 4th",76,76,"cancelled"
"658",230772,65,"San Antonio Shopping Center","San Antonio Shopping Center",31,31,"cancelled"
"659",229300,102,"2nd at Townsend","2nd at Townsend",61,61,"cancelled"
"660",229245,114,"2nd at Townsend","2nd at Townsend",61,61,"cancelled"
"661",229194,74,"San Pedro Square","San Pedro Square",6,6,"cancelled"
"662",228094,91,"Embarcadero at Bryant","Embarcadero at Bryant",54,54,"cancelled"
"663",227988,150,"San Jose Diridon Caltrain Station","San Jose Diridon Caltrain Station",2,2,"cancelled"
"664",227435,89,"Powell Street BART","Powell Street BART",39,39,"cancelled"
"665",227059,97,"Market at 10th","Market at 10th",67,67,"cancelled"
"666",225578,67,"Market at 10th","Market at 10th",67,67,"cancelled"
"667",225174,64,"Townsend at 7th","Townsend at 7th",65,65,"cancelled"
"668",224999,66,"San Jose Diridon Caltrain Station","San Jose Diridon Caltrain Station",2,2,"cancelled"
"669",224844,122,"San Francisco Caltrain 2 (330 Townsend)","San Francisco Caltrain 2 (330 Townsend)",69,69,"cancelled"
"670",224291,150,"Japantown","Japantown",9,9,"cancelled"
"671",224016,64,"Embarcadero at Sansome","Embarcadero at Sansome",60,60,"cancelled"
"672",223755,104,"Redwood City Caltrain Station","Redwood City Caltrain Station",22,22,"cancelled"
"673",223118,150,"San Salvador at 1st","San Salvador at 1st",8,8,"cancelled"
"674",222017,63,"Post at Kearny","Post at Kearny",47,47,"cancelled"
"675",220932,94,"St James Park","St James Park",13,13,"cancelled"
"676",220770,84,"Castro Street and El Camino Real","Castro Street and El Camino Real",32,32,"cancelled"
"677",220759,64,"Harry Bridges Plaza (Ferry Building)","Harry Bridges Plaza (Ferry Building)",50,50,"cancelled"
"678",220600,75,"Spear at Folsom","Spear at Folsom",49,49,"cancelled"
"679",220378,108,"Market at Sansome","Market at Sansome",77,77,"cancelled"
"680",219959,92,"Embarcadero at Folsom","Embarcadero at Folsom",51,51,"cancelled"
"681",219892,64,"Powell at Post (Union Square)","Powell at Post (Union Square)",71,71,"cancelled"
"682",219891,81,"Powell at Post (Union Square)","Powell at Post (Union Square)",71,71,"cancelled"
"683",219873,70,"San Francisco Caltrain (Townsend at 4th)","San Francisco Caltrain (Townsend at 4th)",70,70,"cancelled"
"684",219786,67,"Market at Sansome","Market at Sansome",77,77,"cancelled"
"685",219001,120,"South Van Ness at Market","South Van Ness at Market",66,66,"cancelled"
"686",218776,60,"Mechanics Plaza (Market at Battery)","Mechanics Plaza (Market at Battery)",75,75,"cancelled"
"687",216178,144,"Mechanics Plaza (Market at Battery)","Mechanics Plaza (Market at Battery)",75,75,"cancelled"
"688",216129,121,"2nd at South Park","2nd at South Park",64,64,"cancelled"
"689",215902,84,"2nd at Townsend","2nd at Townsend",61,61,"cancelled"
"690",215853,159,"Powell Street BART","Powell Street BART",39,39,"cancelled"
"691",215807,166,"Harry Bridges Plaza (Ferry Building)","Harry Bridges Plaza (Ferry Building)",50,50,"cancelled"
"692",215593,147,"Civic Center BART (7th at Market)","Civic Center BART (7th at Market)",72,72,"cancelled"
"693",215209,105,"Civic Center BART (7th at Market)","Civic Center BART (7th at Market)",72,72,"cancelled"
"694",215189,170,"Embarcadero at Sansome","Embarcadero at Sansome",60,60,"cancelled"
"695",215107,171,"Townsend at 7th","Townsend at 7th",65,65,"cancelled"
"696",214690,99,"Embarcadero at Bryant","Embarcadero at Bryant",54,54,"cancelled"
"697",214630,69,"Steuart at Market","Steuart at Market",74,74,"cancelled"
"698",214626,114,"San Jose Diridon Caltrain Station","San Jose Diridon Caltrain Station",2,2,"cancelled"
"699",214074,75,"Spear at Folsom","Spear at Folsom",49,49,"cancelled"
"700",213275,74,"Steuart at Market","Steuart at Market",74,74,"cancelled"
"701",212843,153,"Commercial at Montgomery","Commercial at Montgomery",45,45,"cancelled"
"702",212224,94,"Embarcadero at Folsom","Embarcadero at Folsom",51,51,"cancelled"
"703",211814,133,"St James Park","St James Park",13,13,"cancelled"
"704",211671,94,"San Jose Diridon Caltrain Station","San Jose Diridon Caltrain Station",2,2,"cancelled"
"705",211523,116,"Mechanics Plaza (Market at Battery)","Mechanics Plaza (Market at Battery)",75,75,"cancelled"
"706",211327,62,"San Francisco Caltrain (Townsend at 4th)","San Francisco Caltrain (Townsend at 4th)",70,70,"cancelled"
"707",211319,63,"Townsend at 7th","Townsend at 7th",65,65,"cancelled"
"708",210353,62,"Davis at Jackson","Davis at Jackson",42,42,"cancelled"
"709",210138,66,"Townsend at 7th","Townsend at 7th",65,65,"cancelled"
"710",210028,137,"San Francisco Caltrain (Townsend at 4th)","San Francisco Caltrain (Townsend at 4th)",70,70,"cancelled"
"711",208647,94,"2nd at Folsom","2nd at Folsom",62,62,"cancelled"
"712",208463,92,"Steuart at Market","Steuart at Market",74,74,"cancelled"
"713",208063,89,"Embarcadero at Sansome","Embarcadero at Sansome",60,60,"cancelled"
"714",207182,157,"St James Park","St James Park",13,13,"cancelled"
"715",206452,87,"Powell at Post (Union Square)","Powell at Post (Union Square)",71,71,"cancelled"
"716",206392,100,"Harry Bridges Plaza (Ferry Building)","Harry Bridges Plaza (Ferry Building)",50,50,"cancelled"
"717",206339,179,"San Francisco Caltrain (Townsend at 4th)","San Francisco Caltrain (Townsend at 4th)",70,70,"cancelled"
"718",206008,64,"Spear at Folsom","Spear at Folsom",49,49,"cancelled"
"719",204677,107,"San Francisco Caltrain 2 (330 Townsend)","San Francisco Caltrain 2 (330 Townsend)",69,69,"cancelled"
"720",202979,75,"Commercial at Montgomery","Commercial at Montgomery",45,45,"cancelled"
"721",202211,167,"Palo Alto Caltrain Station","Palo Alto Caltrain Station",34,34,"cancelled"
"722",201676,70,"Townsend at 7th","Townsend at 7th",65,65,"cancelled"
"723",200593,91,"San Francisco Caltrain (Townsend at 4th)","San Francisco Caltrain (Townsend at 4th)",70,70,"cancelled"
"724",199497,79,"Spear at Folsom","Spear at Folsom",49,49,"cancelled"
"725",199465,91,"Rengstorff Avenue / California Street","Rengstorff Avenue / California Street",33,33,"cancelled"
"726",199464,125,"Rengstorff Avenue / California Street","Rengstorff Avenue / California Street",33,33,"cancelled"
"727",198940,119,"Grant Avenue at Columbus Avenue","Grant Avenue at Columbus Avenue",73,73,"cancelled"
"728",198827,66,"Market at 10th","Market at 10th",67,67,"cancelled"
"729",588746,62,"Embarcadero at Vallejo","Embarcadero at Vallejo",48,48,"cancelled"
"730",587995,89,"San Francisco Caltrain (Townsend at 4th)","San Francisco Caltrain (Townsend at 4th)",70,70,"cancelled"
"731",587637,106,"Mechanics Plaza (Market at Battery)","Mechanics Plaza (Market at Battery)",75,75,"cancelled"
"732",586820,89,"Powell Street BART","Powell Street BART",39,39,"cancelled"
"733",586774,79,"Market at 10th","Market at 10th",67,67,"cancelled"
"734",586772,67,"Market at 10th","Market at 10th",67,67,"cancelled"
"735",585973,135,"2nd at Townsend","2nd at Townsend",61,61,"cancelled"
"736",585938,92,"Golden Gate at Polk","Golden Gate at Polk",59,59,"cancelled"
"737",585815,167,"Civic Center BART (7th at Market)","Civic Center BART (7th at Market)",72,72,"cancelled"
"738",585184,74,"Yerba Buena Center of the Arts (3rd @ Howard)","Yerba Buena Center of the Arts (3rd @ Howard)",68,68,"cancelled"
"739",584667,72,"Harry Bridges Plaza (Ferry Building)","Harry Bridges Plaza (Ferry Building)",50,50,"cancelled"
"740",584536,178,"Harry Bridges Plaza (Ferry Building)","Harry Bridges Plaza (Ferry Building)",50,50,"cancelled"
"741",583659,76,"Spear at Folsom","Spear at Folsom",49,49,"cancelled"
"742",583654,86,"Yerba Buena Center of the Arts (3rd @ Howard)","Yerba Buena Center of the Arts (3rd @ Howard)",68,68,"cancelled"
"743",583345,61,"Mechanics Plaza (Market at Battery)","Mechanics Plaza (Market at Battery)",75,75,"cancelled"
"744",583153,116,"2nd at South Park","2nd at South Park",64,64,"cancelled"
"745",582391,70,"Townsend at 7th","Townsend at 7th",65,65,"cancelled"
"746",582153,157,"Howard at 2nd","Howard at 2nd",63,63,"cancelled"
"747",581661,100,"Market at Sansome","Market at Sansome",77,77,"cancelled"
"748",581557,75,"San Francisco Caltrain (Townsend at 4th)","San Francisco Caltrain (Townsend at 4th)",70,70,"cancelled"
"749",581153,75,"Broadway St at Battery St","Broadway St at Battery St",82,82,"cancelled"
"750",580968,108,"Townsend at 7th","Townsend at 7th",65,65,"cancelled"
"751",580497,113,"Embarcadero at Sansome","Embarcadero at Sansome",60,60,"cancelled"
"752",580048,116,"Embarcadero at Bryant","Embarcadero at Bryant",54,54,"cancelled"
"753",578946,82,"Embarcadero at Folsom","Embarcadero at Folsom",51,51,"cancelled"
"754",578518,74,"Commercial at Montgomery","Commercial at Montgomery",45,45,"cancelled"
"755",578171,70,"Market at Sansome","Market at Sansome",77,77,"cancelled"
"756",577492,131,"Harry Bridges Plaza (Ferry Building)","Harry Bridges Plaza (Ferry Building)",50,50,"cancelled"
"757",577063,66,"Embarcadero at Bryant","Embarcadero at Bryant",54,54,"cancelled"
"758",577025,148,"Spear at Folsom","Spear at Folsom",49,49,"cancelled"
"759",576472,135,"Steuart at Market","Steuart at Market",74,74,"cancelled"
"760",576265,75,"Golden Gate at Polk","Golden Gate at Polk",59,59,"cancelled"
"761",576216,75,"Market at 10th","Market at 10th",67,67,"cancelled"
"762",575912,66,"Harry Bridges Plaza (Ferry Building)","Harry Bridges Plaza (Ferry Building)",50,50,"cancelled"
"763",575620,82,"Powell Street BART","Powell Street BART",39,39,"cancelled"
"764",575455,78,"Powell Street BART","Powell Street BART",39,39,"cancelled"
"765",575437,97,"Powell Street BART","Powell Street BART",39,39,"cancelled"
"766",575425,174,"Arena Green / SAP Center","Arena Green / SAP Center",14,14,"cancelled"
"767",575350,88,"San Francisco City Hall","San Francisco City Hall",58,58,"cancelled"
"768",574993,86,"Steuart at Market","Steuart at Market",74,74,"cancelled"
"769",574684,70,"Steuart at Market","Steuart at Market",74,74,"cancelled"
"770",574497,74,"Steuart at Market","Steuart at Market",74,74,"cancelled"
"771",574356,122,"San Francisco Caltrain 2 (330 Townsend)","San Francisco Caltrain 2 (330 Townsend)",69,69,"cancelled"
"772",574197,85,"Paseo de San Antonio","Paseo de San Antonio",7,7,"cancelled"
"773",574024,93,"Powell Street BART","Powell Street BART",39,39,"cancelled"
"774",573825,168,"Mountain View Caltrain Station","Mountain View Caltrain Station",28,28,"cancelled"
"775",572848,86,"Embarcadero at Folsom","Embarcadero at Folsom",51,51,"cancelled"
"776",570544,71,"Temporary Transbay Terminal (Howard at Beale)","Temporary Transbay Terminal (Howard at Beale)",55,55,"cancelled"
"777",570229,98,"Powell Street BART","Powell Street BART",39,39,"cancelled"
"778",569966,73,"Embarcadero at Folsom","Embarcadero at Folsom",51,51,"cancelled"
"779",569847,127,"Powell at Post (Union Square)","Powell at Post (Union Square)",71,71,"cancelled"
"780",569702,60,"2nd at South Park","2nd at South Park",64,64,"cancelled"
"781",569620,84,"Civic Center BART (7th at Market)","Civic Center BART (7th at Market)",72,72,"cancelled"
"782",569426,66,"Steuart at Market","Steuart at Market",74,74,"cancelled"
"783",569340,92,"Temporary Transbay Terminal (Howard at Beale)","Temporary Transbay Terminal (Howard at Beale)",55,55,"cancelled"
"784",568350,144,"Embarcadero at Sansome","Embarcadero at Sansome",60,60,"cancelled"
"785",568115,66,"Civic Center BART (7th at Market)","Civic Center BART (7th at Market)",72,72,"cancelled"
"786",567482,69,"San Pedro Square","San Pedro Square",6,6,"cancelled"
"787",567207,95,"San Francisco Caltrain 2 (330 Townsend)","San Francisco Caltrain 2 (330 Townsend)",69,69,"cancelled"
"788",567134,81,"San Francisco Caltrain 2 (330 Townsend)","San Francisco Caltrain 2 (330 Townsend)",69,69,"cancelled"
"789",567050,179,"2nd at South Park","2nd at South Park",64,64,"cancelled"
"790",567033,68,"Powell at Post (Union Square)","Powell at Post (Union Square)",71,71,"cancelled"
"791",565941,76,"Mountain View Caltrain Station","Mountain View Caltrain Station",28,28,"cancelled"
"792",565934,69,"Townsend at 7th","Townsend at 7th",65,65,"cancelled"
"793",565858,89,"Post at Kearny","Post at Kearny",47,47,"cancelled"
"794",565586,146,"Embarcadero at Bryant","Embarcadero at Bryant",54,54,"cancelled"
"795",565561,62,"Embarcadero at Bryant","Embarcadero at Bryant",54,54,"cancelled"
"796",565478,86,"Steuart at Market","Steuart at Market",74,74,"cancelled"
"797",565469,120,"Steuart at Market","Steuart at Market",74,74,"cancelled"
"798",564874,86,"San Francisco Caltrain (Townsend at 4th)","San Francisco Caltrain (Townsend at 4th)",70,70,"cancelled"
"799",564588,67,"Commercial at Montgomery","Commercial at Montgomery",45,45,"cancelled"
"800",564369,92,"Commercial at Montgomery","Commercial at Montgomery",45,45,"cancelled"
"801",564275,90,"Market at Sansome","Market at Sansome",77,77,"cancelled"
"802",563347,85,"Yerba Buena Center of the Arts (3rd @ Howard)","Yerba Buena Center of the Arts (3rd @ Howard)",68,68,"cancelled"
"803",562072,105,"Embarcadero at Bryant","Embarcadero at Bryant",54,54,"cancelled"
"804",561899,106,"Civic Center BART (7th at Market)","Civic Center BART (7th at Market)",72,72,"cancelled"
"805",561167,150,"Temporary Transbay Terminal (Howard at Beale)","Temporary Transbay Terminal (Howard at Beale)",55,55,"cancelled"
"806",560855,150,"Steuart at Market","Steuart at Market",74,74,"cancelled"
"807",560805,177,"Commercial at Montgomery","Commercial at Montgomery",45,45,"cancelled"
"808",560468,85,"Temporary Transbay Terminal (Howard at Beale)","Temporary Transbay Terminal (Howard at Beale)",55,55,"cancelled"
"809",559566,140,"Embarcadero at Folsom","Embarcadero at Folsom",51,51,"cancelled"
"810",558803,146,"Market at 4th","Market at 4th",76,76,"cancelled"
"811",558722,145,"2nd at South Park","2nd at South Park",64,64,"cancelled"
"812",558712,87,"Spear at Folsom","Spear at Folsom",49,49,"cancelled"
"813",558630,78,"Steuart at Market","Steuart at Market",74,74,"cancelled"
"814",558228,100,"San Francisco Caltrain 2 (330 Townsend)","San Francisco Caltrain 2 (330 Townsend)",69,69,"cancelled"
"815",558163,171,"Clay at Battery","Clay at Battery",41,41,"cancelled"
"816",557768,75,"San Francisco Caltrain 2 (330 Townsend)","San Francisco Caltrain 2 (330 Townsend)",69,69,"cancelled"
"817",557603,70,"Temporary Transbay Terminal (Howard at Beale)","Temporary Transbay Terminal (Howard at Beale)",55,55,"cancelled"
"818",556714,65,"Powell Street BART","Powell Street BART",39,39,"cancelled"
"819",556685,111,"San Jose Diridon Caltrain Station","San Jose Diridon Caltrain Station",2,2,"cancelled"
"820",556115,84,"2nd at South Park","2nd at South Park",64,64,"cancelled"
"821",555232,92,"Townsend at 7th","Townsend at 7th",65,65,"cancelled"
"822",554606,116,"Redwood City Public Library","Redwood City Public Library",24,24,"cancelled"
"823",554044,172,"2nd at South Park","2nd at South Park",64,64,"cancelled"
"824",553840,119,"Post at Kearny","Post at Kearny",47,47,"cancelled"
"825",553283,75,"Broadway St at Battery St","Broadway St at Battery St",82,82,"cancelled"
"826",552929,132,"SJSU - San Salvador at 9th","SJSU - San Salvador at 9th",16,16,"cancelled"
"827",552825,87,"Grant Avenue at Columbus Avenue","Grant Avenue at Columbus Avenue",73,73,"cancelled"
"828",552273,78,"Embarcadero at Bryant","Embarcadero at Bryant",54,54,"cancelled"
"829",552255,115,"Embarcadero at Bryant","Embarcadero at Bryant",54,54,"cancelled"
"830",552062,133,"San Francisco Caltrain 2 (330 Townsend)","San Francisco Caltrain 2 (330 Townsend)",69,69,"cancelled"
"831",550693,89,"Davis at Jackson","Davis at Jackson",42,42,"cancelled"
"832",550568,155,"San Francisco Caltrain (Townsend at 4th)","San Francisco Caltrain (Townsend at 4th)",70,70,"cancelled"
"833",550513,102,"San Francisco Caltrain (Townsend at 4th)","San Francisco Caltrain (Townsend at 4th)",70,70,"cancelled"
"834",549322,171,"Temporary Transbay Terminal (Howard at Beale)","Temporary Transbay Terminal (Howard at Beale)",55,55,"cancelled"
"835",549254,65,"Ryland Park","Ryland Park",84,84,"cancelled"
"836",548002,81,"Embarcadero at Bryant","Embarcadero at Bryant",54,54,"cancelled"
"837",547684,172,"Clay at Battery","Clay at Battery",41,41,"cancelled"
"838",547516,105,"Market at Sansome","Market at Sansome",77,77,"cancelled"
"839",547248,131,"Powell at Post (Union Square)","Powell at Post (Union Square)",71,71,"cancelled"
"840",547063,63,"South Van Ness at Market","South Van Ness at Market",66,66,"cancelled"
"841",545959,108,"Davis at Jackson","Davis at Jackson",42,42,"cancelled"
"842",545958,131,"Davis at Jackson","Davis at Jackson",42,42,"cancelled"
"843",545812,133,"Powell Street BART","Powell Street BART",39,39,"cancelled"
"844",544292,67,"San Francisco Caltrain (Townsend at 4th)","San Francisco Caltrain (Townsend at 4th)",70,70,"cancelled"
"845",542614,72,"Harry Bridges Plaza (Ferry Building)","Harry Bridges Plaza (Ferry Building)",50,50,"cancelled"
"846",541591,106,"San Francisco Caltrain (Townsend at 4th)","San Francisco Caltrain (Townsend at 4th)",70,70,"cancelled"
"847",541396,73,"Powell at Post (Union Square)","Powell at Post (Union Square)",71,71,"cancelled"
"848",541197,135,"Redwood City Public Library","Redwood City Public Library",24,24,"cancelled"
"849",540874,95,"San Francisco Caltrain (Townsend at 4th)","San Francisco Caltrain (Townsend at 4th)",70,70,"cancelled"
"850",539607,82,"Harry Bridges Plaza (Ferry Building)","Harry Bridges Plaza (Ferry Building)",50,50,"cancelled"
"851",537670,122,"San Mateo County Center","San Mateo County Center",23,23,"cancelled"
"852",537618,121,"Castro Street and El Camino Real","Castro Street and El Camino Real",32,32,"cancelled"
"853",536782,70,"Market at 4th","Market at 4th",76,76,"cancelled"
"854",536757,166,"San Antonio Shopping Center","San Antonio Shopping Center",31,31,"cancelled"
"855",536436,155,"South Van Ness at Market","South Van Ness at Market",66,66,"cancelled"
"856",536124,67,"San Francisco Caltrain 2 (330 Townsend)","San Francisco Caltrain 2 (330 Townsend)",69,69,"cancelled"
"857",536026,85,"5th at Howard","5th at Howard",57,57,"cancelled"
"858",535928,83,"2nd at Folsom","2nd at Folsom",62,62,"cancelled"
"859",535862,73,"Embarcadero at Bryant","Embarcadero at Bryant",54,54,"cancelled"
"860",534449,140,"San Mateo County Center","San Mateo County Center",23,23,"cancelled"
"861",534424,89,"Temporary Transbay Terminal (Howard at Beale)","Temporary Transbay Terminal (Howard at Beale)",55,55,"cancelled"
"862",534343,60,"Temporary Transbay Terminal (Howard at Beale)","Temporary Transbay Terminal (Howard at Beale)",55,55,"cancelled"
"863",534156,70,"San Francisco Caltrain 2 (330 Townsend)","San Francisco Caltrain 2 (330 Townsend)",69,69,"cancelled"
"864",534037,124,"San Francisco Caltrain 2 (330 Townsend)","San Francisco Caltrain 2 (330 Townsend)",69,69,"cancelled"
"865",533816,65,"Paseo de San Antonio","Paseo de San Antonio",7,7,"cancelled"
"866",533716,139,"Market at 4th","Market at 4th",76,76,"cancelled"
"867",533583,163,"Powell Street BART","Powell Street BART",39,39,"cancelled"
"868",532407,64,"San Francisco Caltrain (Townsend at 4th)","San Francisco Caltrain (Townsend at 4th)",70,70,"cancelled"
"869",530596,175,"Powell at Post (Union Square)","Powell at Post (Union Square)",71,71,"cancelled"
"870",530279,152,"San Jose Diridon Caltrain Station","San Jose Diridon Caltrain Station",2,2,"cancelled"
"871",529785,104,"Grant Avenue at Columbus Avenue","Grant Avenue at Columbus Avenue",73,73,"cancelled"
"872",529441,112,"San Francisco Caltrain 2 (330 Townsend)","San Francisco Caltrain 2 (330 Townsend)",69,69,"cancelled"
"873",529256,92,"Yerba Buena Center of the Arts (3rd @ Howard)","Yerba Buena Center of the Arts (3rd @ Howard)",68,68,"cancelled"
"874",528588,73,"Civic Center BART (7th at Market)","Civic Center BART (7th at Market)",72,72,"cancelled"
"875",526831,121,"Mezes Park","Mezes Park",83,83,"cancelled"
"876",525505,73,"Washington at Kearny","Washington at Kearny",46,46,"cancelled"
"877",525133,91,"Civic Center BART (7th at Market)","Civic Center BART (7th at Market)",72,72,"cancelled"
"878",525093,125,"Japantown","Japantown",9,9,"cancelled"
"879",524733,174,"Market at 10th","Market at 10th",67,67,"cancelled"
"880",524083,96,"San Francisco Caltrain (Townsend at 4th)","San Francisco Caltrain (Townsend at 4th)",70,70,"cancelled"
"881",523786,102,"San Francisco Caltrain 2 (330 Townsend)","San Francisco Caltrain 2 (330 Townsend)",69,69,"cancelled"
"882",523746,88,"Powell Street BART","Powell Street BART",39,39,"cancelled"
"883",523538,84,"Commercial at Montgomery","Commercial at Montgomery",45,45,"cancelled"
"884",523346,74,"San Jose Civic Center","San Jose Civic Center",3,3,"cancelled"
"885",522990,165,"2nd at Townsend","2nd at Townsend",61,61,"cancelled"
"886",522970,113,"Steuart at Market","Steuart at Market",74,74,"cancelled"
"887",522908,94,"2nd at Townsend","2nd at Townsend",61,61,"cancelled"
"888",522072,62,"San Jose Diridon Caltrain Station","San Jose Diridon Caltrain Station",2,2,"cancelled"
"889",521346,139,"Golden Gate at Polk","Golden Gate at Polk",59,59,"cancelled"
"890",521269,71,"Market at Sansome","Market at Sansome",77,77,"cancelled"
"891",520896,100,"Commercial at Montgomery","Commercial at Montgomery",45,45,"cancelled"
"892",520600,168,"San Jose Diridon Caltrain Station","San Jose Diridon Caltrain Station",2,2,"cancelled"
"893",519313,104,"Townsend at 7th","Townsend at 7th",65,65,"cancelled"
"894",518413,72,"Commercial at Montgomery","Commercial at Montgomery",45,45,"cancelled"
"895",517976,101,"Temporary Transbay Terminal (Howard at Beale)","Temporary Transbay Terminal (Howard at Beale)",55,55,"cancelled"
"896",517593,108,"Civic Center BART (7th at Market)","Civic Center BART (7th at Market)",72,72,"cancelled"
"897",516957,91,"Civic Center BART (7th at Market)","Civic Center BART (7th at Market)",72,72,"cancelled"
"898",516939,116,"Civic Center BART (7th at Market)","Civic Center BART (7th at Market)",72,72,"cancelled"
"899",516843,129,"Powell Street BART","Powell Street BART",39,39,"cancelled"
"900",516152,64,"Townsend at 7th","Townsend at 7th",65,65,"cancelled"
"901",515776,92,"2nd at Townsend","2nd at Townsend",61,61,"cancelled"
"902",515552,125,"Harry Bridges Plaza (Ferry Building)","Harry Bridges Plaza (Ferry Building)",50,50,"cancelled"
"903",515506,97,"Powell at Post (Union Square)","Powell at Post (Union Square)",71,71,"cancelled"
"904",515475,178,"2nd at Townsend","2nd at Townsend",61,61,"cancelled"
"905",515387,75,"Powell at Post (Union Square)","Powell at Post (Union Square)",71,71,"cancelled"
"906",515264,140,"MLK Library","MLK Library",11,11,"cancelled"
"907",515169,73,"Grant Avenue at Columbus Avenue","Grant Avenue at Columbus Avenue",73,73,"cancelled"
"908",514922,85,"Powell at Post (Union Square)","Powell at Post (Union Square)",71,71,"cancelled"
"909",514464,80,"San Francisco Caltrain (Townsend at 4th)","San Francisco Caltrain (Townsend at 4th)",70,70,"cancelled"
"910",513826,80,"San Francisco Caltrain (Townsend at 4th)","San Francisco Caltrain (Townsend at 4th)",70,70,"cancelled"
"911",513635,138,"Yerba Buena Center of the Arts (3rd @ Howard)","Yerba Buena Center of the Arts (3rd @ Howard)",68,68,"cancelled"
"912",513385,117,"South Van Ness at Market","South Van Ness at Market",66,66,"cancelled"
"913",513329,143,"2nd at Folsom","2nd at Folsom",62,62,"cancelled"
"914",511866,161,"Townsend at 7th","Townsend at 7th",65,65,"cancelled"
"915",511355,64,"Market at 10th","Market at 10th",67,67,"cancelled"
"916",511062,170,"Market at 10th","Market at 10th",67,67,"cancelled"
"917",508466,97,"Embarcadero at Sansome","Embarcadero at Sansome",60,60,"cancelled"
"918",508274,60,"San Francisco Caltrain 2 (330 Townsend)","San Francisco Caltrain 2 (330 Townsend)",69,69,"cancelled"
"919",506553,148,"Yerba Buena Center of the Arts (3rd @ Howard)","Yerba Buena Center of the Arts (3rd @ Howard)",68,68,"cancelled"
"920",506025,60,"Market at Sansome","Market at Sansome",77,77,"cancelled"
"921",505787,70,"Embarcadero at Bryant","Embarcadero at Bryant",54,54,"cancelled"
"922",505634,137,"Embarcadero at Sansome","Embarcadero at Sansome",60,60,"cancelled"
"923",505421,160,"Civic Center BART (7th at Market)","Civic Center BART (7th at Market)",72,72,"cancelled"
"924",505370,84,"California Ave Caltrain Station","California Ave Caltrain Station",36,36,"cancelled"
"925",505213,163,"Powell Street BART","Powell Street BART",39,39,"cancelled"
"926",504253,75,"2nd at South Park","2nd at South Park",64,64,"cancelled"
"927",503600,165,"Market at 10th","Market at 10th",67,67,"cancelled"
"928",503274,84,"Steuart at Market","Steuart at Market",74,74,"cancelled"
"929",501895,115,"Harry Bridges Plaza (Ferry Building)","Harry Bridges Plaza (Ferry Building)",50,50,"cancelled"
"930",501474,72,"Powell Street BART","Powell Street BART",39,39,"cancelled"
"931",500680,154,"Redwood City Caltrain Station","Redwood City Caltrain Station",22,22,"cancelled"
"932",500610,123,"Palo Alto Caltrain Station","Palo Alto Caltrain Station",34,34,"cancelled"
"933",499837,101,"Harry Bridges Plaza (Ferry Building)","Harry Bridges Plaza (Ferry Building)",50,50,"cancelled"
"934",499699,78,"South Van Ness at Market","South Van Ness at Market",66,66,"cancelled"
"935",499601,73,"San Francisco Caltrain (Townsend at 4th)","San Francisco Caltrain (Townsend at 4th)",70,70,"cancelled"
"936",498760,89,"Townsend at 7th","Townsend at 7th",65,65,"cancelled"
"937",496767,150,"Market at 4th","Market at 4th",76,76,"cancelled"
"938",496263,116,"Redwood City Caltrain Station","Redwood City Caltrain Station",22,22,"cancelled"
"939",495875,69,"Market at 10th","Market at 10th",67,67,"cancelled"
"940",495775,100,"Market at 4th","Market at 4th",76,76,"cancelled"
"941",495464,126,"Harry Bridges Plaza (Ferry Building)","Harry Bridges Plaza (Ferry Building)",50,50,"cancelled"
"942",494793,172,"Broadway St at Battery St","Broadway St at Battery St",82,82,"cancelled"
"943",494455,77,"Clay at Battery","Clay at Battery",41,41,"cancelled"
"944",494087,109,"Embarcadero at Bryant","Embarcadero at Bryant",54,54,"cancelled"
"945",493794,106,"Harry Bridges Plaza (Ferry Building)","Harry Bridges Plaza (Ferry Building)",50,50,"cancelled"
"946",493488,80,"Commercial at Montgomery","Commercial at Montgomery",45,45,"cancelled"
"947",493403,101,"Market at 4th","Market at 4th",76,76,"cancelled"
"948",492897,104,"Broadway St at Battery St","Broadway St at Battery St",82,82,"cancelled"
"949",490742,96,"Market at 10th","Market at 10th",67,67,"cancelled"
"950",490617,159,"Commercial at Montgomery","Commercial at Montgomery",45,45,"cancelled"
"951",490450,84,"Harry Bridges Plaza (Ferry Building)","Harry Bridges Plaza (Ferry Building)",50,50,"cancelled"
"952",490118,113,"San Francisco Caltrain 2 (330 Townsend)","San Francisco Caltrain 2 (330 Townsend)",69,69,"cancelled"
"953",488684,155,"2nd at Townsend","2nd at Townsend",61,61,"cancelled"
"954",488522,123,"San Francisco Caltrain 2 (330 Townsend)","San Francisco Caltrain 2 (330 Townsend)",69,69,"cancelled"
"955",487577,72,"Embarcadero at Vallejo","Embarcadero at Vallejo",48,48,"cancelled"
"956",486575,118,"2nd at South Park","2nd at South Park",64,64,"cancelled"
"957",486533,65,"2nd at Townsend","2nd at Townsend",61,61,"cancelled"
"958",486056,161,"Steuart at Market","Steuart at Market",74,74,"cancelled"
"959",485772,160,"2nd at Townsend","2nd at Townsend",61,61,"cancelled"
"960",485313,80,"2nd at Townsend","2nd at Townsend",61,61,"cancelled"
"961",484986,144,"Powell at Post (Union Square)","Powell at Post (Union Square)",71,71,"cancelled"
"962",484835,83,"Market at Sansome","Market at Sansome",77,77,"cancelled"
"963",484774,128,"Spear at Folsom","Spear at Folsom",49,49,"cancelled"
"964",484701,78,"Mountain View Caltrain Station","Mountain View Caltrain Station",28,28,"cancelled"
"965",484550,123,"Palo Alto Caltrain Station","Palo Alto Caltrain Station",34,34,"cancelled"
"966",484031,118,"Powell Street BART","Powell Street BART",39,39,"cancelled"
"967",483786,80,"2nd at Townsend","2nd at Townsend",61,61,"cancelled"
"968",483333,60,"Yerba Buena Center of the Arts (3rd @ Howard)","Yerba Buena Center of the Arts (3rd @ Howard)",68,68,"cancelled"
"969",483052,81,"Harry Bridges Plaza (Ferry Building)","Harry Bridges Plaza (Ferry Building)",50,50,"cancelled"
"970",483046,68,"Harry Bridges Plaza (Ferry Building)","Harry Bridges Plaza (Ferry Building)",50,50,"cancelled"
"971",482797,65,"San Francisco Caltrain (Townsend at 4th)","San Francisco Caltrain (Townsend at 4th)",70,70,"cancelled"
"972",482653,62,"Market at 10th","Market at 10th",67,67,"cancelled"
"973",482404,174,"Powell Street BART","Powell Street BART",39,39,"cancelled"
"974",481969,74,"Market at 10th","Market at 10th",67,67,"cancelled"
"975",481968,114,"Market at 10th","Market at 10th",67,67,"cancelled"
"976",481389,65,"Civic Center BART (7th at Market)","Civic Center BART (7th at Market)",72,72,"cancelled"
"977",481078,93,"San Francisco Caltrain (Townsend at 4th)","San Francisco Caltrain (Townsend at 4th)",70,70,"cancelled"
"978",479988,91,"2nd at South Park","2nd at South Park",64,64,"cancelled"
"979",479062,84,"Davis at Jackson","Davis at Jackson",42,42,"cancelled"
"980",478914,166,"2nd at South Park","2nd at South Park",64,64,"cancelled"
"981",478357,109,"Broadway St at Battery St","Broadway St at Battery St",82,82,"cancelled"
"982",477997,91,"Mechanics Plaza (Market at Battery)","Mechanics Plaza (Market at Battery)",75,75,"cancelled"
"983",475884,75,"Harry Bridges Plaza (Ferry Building)","Harry Bridges Plaza (Ferry Building)",50,50,"cancelled"
"984",475748,71,"San Francisco Caltrain 2 (330 Townsend)","San Francisco Caltrain 2 (330 Townsend)",69,69,"cancelled"
"985",475648,73,"San Francisco Caltrain (Townsend at 4th)","San Francisco Caltrain (Townsend at 4th)",70,70,"cancelled"
"986",475256,113,"Townsend at 7th","Townsend at 7th",65,65,"cancelled"
"987",474749,69,"Townsend at 7th","Townsend at 7th",65,65,"cancelled"
"988",473925,69,"Civic Center BART (7th at Market)","Civic Center BART (7th at Market)",72,72,"cancelled"
"989",473603,66,"Civic Center BART (7th at Market)","Civic Center BART (7th at Market)",72,72,"cancelled"
"990",473451,60,"Civic Center BART (7th at Market)","Civic Center BART (7th at Market)",72,72,"cancelled"
"991",473167,79,"Civic Center BART (7th at Market)","Civic Center BART (7th at Market)",72,72,"cancelled"
"992",473041,70,"Mountain View Caltrain Station","Mountain View Caltrain Station",28,28,"cancelled"
"993",472778,163,"Embarcadero at Folsom","Embarcadero at Folsom",51,51,"cancelled"
"994",472776,97,"Embarcadero at Folsom","Embarcadero at Folsom",51,51,"cancelled"
"995",472737,67,"Ryland Park","Ryland Park",84,84,"cancelled"
"996",472554,78,"Embarcadero at Bryant","Embarcadero at Bryant",54,54,"cancelled"
"997",472159,130,"Ryland Park","Ryland Park",84,84,"cancelled"
"998",472039,91,"Mountain View Caltrain Station","Mountain View Caltrain Station",28,28,"cancelled"
"999",471928,90,"Temporary Transbay Terminal (Howard at Beale)","Temporary Transbay Terminal (Howard at Beale)",55,55,"cancelled"
"1000",471731,123,"Arena Green / SAP Center","Arena Green / SAP Center",14,14,"cancelled"
"1001",471521,126,"Embarcadero at Sansome","Embarcadero at Sansome",60,60,"cancelled"
"1002",470918,93,"San Francisco Caltrain 2 (330 Townsend)","San Francisco Caltrain 2 (330 Townsend)",69,69,"cancelled"
"1003",470640,70,"Embarcadero at Sansome","Embarcadero at Sansome",60,60,"cancelled"
"1004",470442,144,"Temporary Transbay Terminal (Howard at Beale)","Temporary Transbay Terminal (Howard at Beale)",55,55,"cancelled"
"1005",469842,146,"Powell Street BART","Powell Street BART",39,39,"cancelled"
"1006",469707,68,"Broadway St at Battery St","Broadway St at Battery St",82,82,"cancelled"
"1007",469393,83,"Commercial at Montgomery","Commercial at Montgomery",45,45,"cancelled"
"1008",469300,81,"5th at Howard","5th at Howard",57,57,"cancelled"
"1009",469069,61,"Powell Street BART","Powell Street BART",39,39,"cancelled"
"1010",468592,105,"2nd at South Park","2nd at South Park",64,64,"cancelled"
"1011",467735,101,"2nd at South Park","2nd at South Park",64,64,"cancelled"
"1012",467291,94,"San Francisco Caltrain (Townsend at 4th)","San Francisco Caltrain (Townsend at 4th)",70,70,"cancelled"
"1013",466704,134,"Beale at Market","Beale at Market",56,56,"cancelled"
"1014",465668,179,"Civic Center BART (7th at Market)","Civic Center BART (7th at Market)",72,72,"cancelled"
"1015",464706,68,"Powell Street BART","Powell Street BART",39,39,"cancelled"
"1016",464484,157,"2nd at South Park","2nd at South Park",64,64,"cancelled"
"1017",463972,68,"San Francisco Caltrain 2 (330 Townsend)","San Francisco Caltrain 2 (330 Townsend)",69,69,"cancelled"
"1018",462473,91,"Temporary Transbay Terminal (Howard at Beale)","Temporary Transbay Terminal (Howard at Beale)",55,55,"cancelled"
"1019",462252,80,"St James Park","St James Park",13,13,"cancelled"
"1020",462215,119,"2nd at South Park","2nd at South Park",64,64,"cancelled"
"1021",462176,72,"Market at Sansome","Market at Sansome",77,77,"cancelled"
"1022",461472,140,"2nd at South Park","2nd at South Park",64,64,"cancelled"
"1023",461167,105,"Civic Center BART (7th at Market)","Civic Center BART (7th at Market)",72,72,"cancelled"
"1024",461023,133,"Broadway St at Battery St","Broadway St at Battery St",82,82,"cancelled"
"1025",460187,114,"Harry Bridges Plaza (Ferry Building)","Harry Bridges Plaza (Ferry Building)",50,50,"cancelled"
"1026",459844,102,"2nd at Townsend","2nd at Townsend",61,61,"cancelled"
"1027",459269,67,"Howard at 2nd","Howard at 2nd",63,63,"cancelled"
"1028",458714,106,"2nd at Townsend","2nd at Townsend",61,61,"cancelled"
"1029",458592,69,"2nd at Townsend","2nd at Townsend",61,61,"cancelled"
"1030",457859,138,"Harry Bridges Plaza (Ferry Building)","Harry Bridges Plaza (Ferry Building)",50,50,"cancelled"
"1031",456019,125,"Embarcadero at Folsom","Embarcadero at Folsom",51,51,"cancelled"
"1032",455810,117,"Embarcadero at Folsom","Embarcadero at Folsom",51,51,"cancelled"
"1033",455595,171,"Temporary Transbay Terminal (Howard at Beale)","Temporary Transbay Terminal (Howard at Beale)",55,55,"cancelled"
"1034",455199,70,"MLK Library","MLK Library",11,11,"cancelled"
"1035",453959,113,"2nd at South Park","2nd at South Park",64,64,"cancelled"
"1036",453812,79,"San Francisco Caltrain 2 (330 Townsend)","San Francisco Caltrain 2 (330 Townsend)",69,69,"cancelled"
"1037",452769,66,"2nd at Townsend","2nd at Townsend",61,61,"cancelled"
"1038",452285,70,"Embarcadero at Bryant","Embarcadero at Bryant",54,54,"cancelled"
"1039",451626,179,"Embarcadero at Sansome","Embarcadero at Sansome",60,60,"cancelled"
"1040",451372,90,"2nd at Townsend","2nd at Townsend",61,61,"cancelled"
"1041",451263,75,"Redwood City Caltrain Station","Redwood City Caltrain Station",22,22,"cancelled"
"1042",450653,75,"Spear at Folsom","Spear at Folsom",49,49,"cancelled"
"1043",450330,178,"Market at Sansome","Market at Sansome",77,77,"cancelled"
"1044",450166,88,"Powell at Post (Union Square)","Powell at Post (Union Square)",71,71,"cancelled"
"1045",449307,80,"Townsend at 7th","Townsend at 7th",65,65,"cancelled"
"1046",448687,132,"2nd at Folsom","2nd at Folsom",62,62,"cancelled"
"1047",448467,147,"Harry Bridges Plaza (Ferry Building)","Harry Bridges Plaza (Ferry Building)",50,50,"cancelled"
"1048",448186,61,"2nd at South Park","2nd at South Park",64,64,"cancelled"
"1049",447710,77,"Civic Center BART (7th at Market)","Civic Center BART (7th at Market)",72,72,"cancelled"
"1050",447438,61,"2nd at Townsend","2nd at Townsend",61,61,"cancelled"
"1051",447200,127,"Embarcadero at Vallejo","Embarcadero at Vallejo",48,48,"cancelled"
"1052",446254,156,"San Jose City Hall","San Jose City Hall",10,10,"cancelled"
"1053",446144,102,"Market at Sansome","Market at Sansome",77,77,"cancelled"
"1054",445950,103,"2nd at South Park","2nd at South Park",64,64,"cancelled"
"1055",444327,69,"San Francisco Caltrain (Townsend at 4th)","San Francisco Caltrain (Townsend at 4th)",70,70,"cancelled"
"1056",444107,72,"Steuart at Market","Steuart at Market",74,74,"cancelled"
"1057",443058,79,"Embarcadero at Sansome","Embarcadero at Sansome",60,60,"cancelled"
"1058",442288,170,"5th at Howard","5th at Howard",57,57,"cancelled"
"1059",441265,96,"Market at 10th","Market at 10th",67,67,"cancelled"
"1060",441241,163,"Civic Center BART (7th at Market)","Civic Center BART (7th at Market)",72,72,"cancelled"
"1061",441034,140,"Embarcadero at Sansome","Embarcadero at Sansome",60,60,"cancelled"
"1062",440433,140,"Clay at Battery","Clay at Battery",41,41,"cancelled"
"1063",440398,68,"Temporary Transbay Terminal (Howard at Beale)","Temporary Transbay Terminal (Howard at Beale)",55,55,"cancelled"
"1064",440042,144,"Embarcadero at Vallejo","Embarcadero at Vallejo",48,48,"cancelled"
"1065",439970,72,"Harry Bridges Plaza (Ferry Building)","Harry Bridges Plaza (Ferry Building)",50,50,"cancelled"
"1066",439933,140,"Broadway St at Battery St","Broadway St at Battery St",82,82,"cancelled"
"1067",439101,140,"Market at 4th","Market at 4th",76,76,"cancelled"
"1068",439100,130,"Market at 4th","Market at 4th",76,76,"cancelled"
"1069",439099,150,"Market at 4th","Market at 4th",76,76,"cancelled"
"1070",438629,85,"Spear at Folsom","Spear at Folsom",49,49,"cancelled"
"1071",438041,60,"Civic Center BART (7th at Market)","Civic Center BART (7th at Market)",72,72,"cancelled"
"1072",437650,74,"Broadway St at Battery St","Broadway St at Battery St",82,82,"cancelled"
"1073",437154,84,"San Jose City Hall","San Jose City Hall",10,10,"cancelled"
"1074",437027,108,"Mountain View Caltrain Station","Mountain View Caltrain Station",28,28,"cancelled"
"1075",436927,67,"Mountain View Caltrain Station","Mountain View Caltrain Station",28,28,"cancelled"
"1076",436006,71,"Market at 10th","Market at 10th",67,67,"cancelled"
"1077",435667,82,"California Ave Caltrain Station","California Ave Caltrain Station",36,36,"cancelled"
"1078",435560,85,"Steuart at Market","Steuart at Market",74,74,"cancelled"
"1079",435122,174,"Mountain View Caltrain Station","Mountain View Caltrain Station",28,28,"cancelled"
"1080",434778,150,"San Francisco Caltrain (Townsend at 4th)","San Francisco Caltrain (Townsend at 4th)",70,70,"cancelled"
"1081",433166,103,"Beale at Market","Beale at Market",56,56,"cancelled"
"1082",433135,87,"Post at Kearny","Post at Kearny",47,47,"cancelled"
