"","id","duration","start_station_name","end_station_name","realistic_rides"
"1",139587,52577,"Howard at 2nd","2nd at Townsend","unrealistic"
"2",139588,52395,"Howard at 2nd","2nd at Townsend","unrealistic"
"3",139589,52223,"Howard at 2nd","2nd at Townsend","unrealistic"
"4",139591,42617,"Howard at 2nd","2nd at Townsend","unrealistic"
"5",139592,52028,"Howard at 2nd","2nd at Townsend","unrealistic"
"6",139773,82622,"Townsend at 7th","Townsend at 7th","unrealistic"
"7",140014,49605,"Mountain View City Hall","Mountain View City Hall","unrealistic"
"8",140808,55946,"Harry Bridges Plaza (Ferry Building)","Embarcadero at Sansome","unrealistic"
"9",141531,103760,"Spear at Folsom","Embarcadero at Folsom","unrealistic"
"10",141698,65835,"Embarcadero at Folsom","Powell at Post (Union Square)","unrealistic"
"11",142229,66748,"Market at 4th","Paseo de San Antonio","unrealistic"
"12",142520,81942,"Embarcadero at Bryant","Embarcadero at Bryant","unrealistic"
"13",143092,59026,"Mountain View City Hall","Mountain View Caltrain Station","unrealistic"
"14",144045,78755,"Davis at Jackson","Market at 10th","unrealistic"
"15",144347,66361,"Market at 4th","Market at 10th","unrealistic"
"16",144532,83409,"Washington at Kearney","Powell at Post (Union Square)","unrealistic"
"17",146988,44084,"Redwood City Medical Center","Redwood City Medical Center","unrealistic"
"18",147194,41435,"Mechanics Plaza (Market at Battery)","Steuart at Market","unrealistic"
"19",147927,67048,"Harry Bridges Plaza (Ferry Building)","San Francisco Caltrain 2 (330 Townsend)","unrealistic"
"20",149242,98488,"Japantown","San Salvador at 1st","unrealistic"
"21",149961,41663,"Golden Gate at Polk","Powell Street BART","unrealistic"
"22",150269,303271,"Civic Center BART (7th at Market)","Civic Center BART (7th at Market)","unrealistic"
"23",150272,56649,"San Antonio Shopping Center","Civic Center BART (7th at Market)","unrealistic"
"24",150316,273811,"Powell Street BART","Grant Avenue at Columbus Avenue","unrealistic"
"25",150842,194152,"California Ave Caltrain Station","California Ave Caltrain Station","unrealistic"
"26",152848,80183,"San Francisco City Hall","San Jose City Hall","unrealistic"
"27",156014,246487,"California Ave Caltrain Station","California Ave Caltrain Station","unrealistic"
"28",156339,83240,"2nd at Townsend","Embarcadero at Bryant","unrealistic"
"29",157474,57945,"Mountain View City Hall","Rengstorff Avenue / California Street","unrealistic"
"30",157615,77286,"Washington at Kearney","Washington at Kearney","unrealistic"
"31",158313,79200,"San Antonio Caltrain Station","Mountain View Caltrain Station","unrealistic"
"32",158322,88027,"2nd at Townsend","Mechanics Plaza (Market at Battery)","unrealistic"
"33",158556,40521,"South Van Ness at Market","Market at 10th","unrealistic"
"34",158900,61848,"MLK Library","San Jose Civic Center","unrealistic"
"35",158932,53535,"Harry Bridges Plaza (Ferry Building)","Harry Bridges Plaza (Ferry Building)","unrealistic"
"36",159883,65451,"South Van Ness at Market","Golden Gate at Polk","unrealistic"
"37",160297,117641,"Santa Clara at Almaden","Santa Clara at Almaden","unrealistic"
"38",162318,50626,"2nd at Townsend","2nd at South Park","unrealistic"
"39",165429,66615,"Townsend at 7th","San Francisco Caltrain 2 (330 Townsend)","unrealistic"
"40",165883,86363,"Evelyn Park and Ride","Evelyn Park and Ride","unrealistic"
"41",165897,77625,"Evelyn Park and Ride","Evelyn Park and Ride","unrealistic"
"42",165979,53466,"Santa Clara at Almaden","Santa Clara at Almaden","unrealistic"
"43",166010,586356,"San Antonio Caltrain Station","San Antonio Caltrain Station","unrealistic"
"44",167907,41465,"Embarcadero at Folsom","Harry Bridges Plaza (Ferry Building)","unrealistic"
"45",168338,49872,"Golden Gate at Polk","Golden Gate at Polk","unrealistic"
"46",168343,49735,"Golden Gate at Polk","Golden Gate at Polk","unrealistic"
"47",168369,165266,"Mountain View Caltrain Station","Mountain View Caltrain Station","unrealistic"
"48",171382,74947,"Castro Street and El Camino Real","Castro Street and El Camino Real","unrealistic"
"49",172199,91522,"San Francisco Caltrain 2 (330 Townsend)","Townsend at 7th","unrealistic"
"50",172361,69840,"Redwood City Public Library","Castro Street and El Camino Real","unrealistic"
"51",173186,45553,"Embarcadero at Sansome","South Van Ness at Market","unrealistic"
"52",173351,167156,"Paseo de San Antonio","MLK Library","unrealistic"
"53",173572,54901,"Park at Olive","Park at Olive","unrealistic"
"54",175631,80214,"Redwood City Caltrain Station","Redwood City Caltrain Station","unrealistic"
"55",175632,80172,"Redwood City Caltrain Station","Redwood City Caltrain Station","unrealistic"
"56",175975,51267,"Beale at Market","Beale at Market","unrealistic"
"57",176087,86999,"San Antonio Shopping Center","San Antonio Shopping Center","unrealistic"
"58",176090,88469,"San Antonio Shopping Center","San Antonio Shopping Center","unrealistic"
"59",176836,99993,"St James Park","San Pedro Square","unrealistic"
"60",177671,46218,"Post at Kearney","Howard at 2nd","unrealistic"
"61",177672,82895,"Post at Kearney","Civic Center BART (7th at Market)","unrealistic"
"62",178126,47747,"Evelyn Park and Ride","Evelyn Park and Ride","unrealistic"
"63",178881,80782,"Mountain View Caltrain Station","Mountain View Caltrain Station","unrealistic"
"64",178943,56150,"San Jose Diridon Caltrain Station","San Jose Diridon Caltrain Station","unrealistic"
"65",179434,48748,"San Francisco Caltrain 2 (330 Townsend)","San Francisco Caltrain (Townsend at 4th)","unrealistic"
"66",180212,127342,"Paseo de San Antonio","SJSU 4th at San Carlos","unrealistic"
"67",180917,68778,"MLK Library","MLK Library","unrealistic"
"68",182620,62638,"Townsend at 7th","Howard at 2nd","unrealistic"
"69",183944,48470,"San Francisco Caltrain (Townsend at 4th)","Market at Sansome","unrealistic"
"70",184172,62571,"San Jose Civic Center","San Jose Civic Center","unrealistic"
"71",185025,138916,"Temporary Transbay Terminal (Howard at Beale)","Howard at 2nd","unrealistic"
"72",185026,74841,"Temporary Transbay Terminal (Howard at Beale)","Temporary Transbay Terminal (Howard at Beale)","unrealistic"
"73",185214,49814,"Commercial at Montgomery","Temporary Transbay Terminal (Howard at Beale)","unrealistic"
"74",185557,86004,"Civic Center BART (7th at Market)","Civic Center BART (7th at Market)","unrealistic"
"75",185781,76300,"Embarcadero at Sansome","Embarcadero at Bryant","unrealistic"
"76",186547,52159,"Embarcadero at Folsom","2nd at Townsend","unrealistic"
"77",186844,74062,"Embarcadero at Sansome","Clay at Battery","unrealistic"
"78",187894,166081,"California Ave Caltrain Station","California Ave Caltrain Station","unrealistic"
"79",187954,64379,"Yerba Buena Center of the Arts (3rd @ Howard)","Grant Avenue at Columbus Avenue","unrealistic"
"80",188890,40336,"San Francisco Caltrain (Townsend at 4th)","Steuart at Market","unrealistic"
"81",190263,88489,"San Francisco Caltrain (Townsend at 4th)","Embarcadero at Vallejo","unrealistic"
"82",191168,51292,"5th at Howard","Yerba Buena Center of the Arts (3rd @ Howard)","unrealistic"
"83",191172,40010,"Mountain View Caltrain Station","Mountain View Caltrain Station","unrealistic"
"84",191834,66983,"Redwood City Caltrain Station","Palo Alto Caltrain Station","unrealistic"
"85",191846,74308,"California Ave Caltrain Station","California Ave Caltrain Station","unrealistic"
"86",192688,84496,"San Antonio Caltrain Station","San Antonio Caltrain Station","unrealistic"
"87",192718,78294,"Redwood City Public Library","Redwood City Public Library","unrealistic"
"88",192719,78280,"Redwood City Public Library","Redwood City Public Library","unrealistic"
"89",192795,75116,"Clay at Battery","Clay at Battery","unrealistic"
"90",192800,74876,"Clay at Battery","Clay at Battery","unrealistic"
"91",193064,85339,"Davis at Jackson","San Francisco Caltrain (Townsend at 4th)","unrealistic"
"92",193186,72009,"Washington at Kearney","Howard at 2nd","unrealistic"
"93",194111,184633,"Civic Center BART (7th at Market)","Powell Street BART","unrealistic"
"94",194252,76064,"Embarcadero at Sansome","San Francisco Caltrain 2 (330 Townsend)","unrealistic"
"95",194257,75857,"Embarcadero at Sansome","San Francisco Caltrain 2 (330 Townsend)","unrealistic"
"96",194727,39602,"Redwood City Caltrain Station","Redwood City Caltrain Station","unrealistic"
"97",195684,77061,"California Ave Caltrain Station","California Ave Caltrain Station","unrealistic"
"98",196172,47436,"San Francisco Caltrain (Townsend at 4th)","Spear at Folsom","unrealistic"
"99",197431,83780,"San Jose Diridon Caltrain Station","San Jose Diridon Caltrain Station","unrealistic"
"100",197451,76907,"Grant Avenue at Columbus Avenue","Grant Avenue at Columbus Avenue","unrealistic"
"101",197840,53571,"Spear at Folsom","Steuart at Market","unrealistic"
"102",198461,74859,"Embarcadero at Vallejo","Grant Avenue at Columbus Avenue","unrealistic"
"103",198469,74556,"Embarcadero at Vallejo","Grant Avenue at Columbus Avenue","unrealistic"
"104",198703,164816,"Grant Avenue at Columbus Avenue","Grant Avenue at Columbus Avenue","unrealistic"
"105",198774,64128,"Civic Center BART (7th at Market)","Harry Bridges Plaza (Ferry Building)","unrealistic"
"106",432713,86143,"Market at 10th","Market at 10th","unrealistic"
"107",432572,78922,"Market at 10th","Market at 10th","unrealistic"
"108",432571,78947,"Market at 10th","Market at 10th","unrealistic"
"109",432324,113622,"Washington at Kearny","Temporary Transbay Terminal (Howard at Beale)","unrealistic"
"110",432317,104344,"Washington at Kearny","Mechanics Plaza (Market at Battery)","unrealistic"
"111",432146,87198,"Paseo de San Antonio","San Jose City Hall","unrealistic"
"112",432144,87368,"Paseo de San Antonio","San Jose City Hall","unrealistic"
"113",432143,87387,"Paseo de San Antonio","San Jose City Hall","unrealistic"
"114",432086,67259,"Steuart at Market","2nd at Townsend","unrealistic"
"115",430426,69079,"Harry Bridges Plaza (Ferry Building)","Temporary Transbay Terminal (Howard at Beale)","unrealistic"
"116",430007,42428,"University and Emerson","University and Emerson","unrealistic"
"117",430006,42576,"University and Emerson","University and Emerson","unrealistic"
"118",430005,42869,"University and Emerson","University and Emerson","unrealistic"
"119",428044,47185,"2nd at Folsom","Market at 4th","unrealistic"
"120",427314,248215,"Steuart at Market","Embarcadero at Sansome","unrealistic"
"121",427235,79197,"MLK Library","MLK Library","unrealistic"
"122",424302,40744,"2nd at Townsend","2nd at Townsend","unrealistic"
"123",424287,41069,"2nd at Townsend","2nd at Townsend","unrealistic"
"124",423938,78047,"Steuart at Market","Steuart at Market","unrealistic"
"125",422209,54329,"Beale at Market","5th at Howard","unrealistic"
"126",422027,152180,"San Francisco City Hall","Civic Center BART (7th at Market)","unrealistic"
"127",421810,58078,"Commercial at Montgomery","San Francisco City Hall","unrealistic"
"128",421809,84210,"Civic Center BART (7th at Market)","Civic Center BART (7th at Market)","unrealistic"
"129",421807,98596,"Washington at Kearny","Commercial at Montgomery","unrealistic"
"130",421643,65553,"5th at Howard","San Francisco Caltrain 2 (330 Townsend)","unrealistic"
"131",421286,560792,"Rengstorff Avenue / California Street","Mountain View Caltrain Station","unrealistic"
"132",421219,63504,"Golden Gate at Polk","Civic Center BART (7th at Market)","unrealistic"
"133",421121,54178,"Mountain View City Hall","St James Park","unrealistic"
"134",420972,51816,"San Francisco Caltrain 2 (330 Townsend)","Townsend at 7th","unrealistic"
"135",419584,40394,"Santa Clara at Almaden","Ryland Park","unrealistic"
"136",419548,85989,"Market at 4th","Market at 4th","unrealistic"
"137",419484,41446,"Howard at 2nd","San Francisco Caltrain (Townsend at 4th)","unrealistic"
"138",417776,464952,"Market at 4th","Davis at Jackson","unrealistic"
"139",417775,45104,"Market at 4th","Embarcadero at Bryant","unrealistic"
"140",417258,71180,"Harry Bridges Plaza (Ferry Building)","Embarcadero at Sansome","unrealistic"
"141",415997,40756,"San Francisco City Hall","San Francisco City Hall","unrealistic"
"142",415376,60061,"Clay at Battery","Temporary Transbay Terminal (Howard at Beale)","unrealistic"
"143",414438,202539,"Market at 10th","San Francisco Caltrain (Townsend at 4th)","unrealistic"
"144",414096,41529,"2nd at South Park","San Francisco Caltrain 2 (330 Townsend)","unrealistic"
"145",413346,85020,"Mechanics Plaza (Market at Battery)","Market at 4th","unrealistic"
"146",412402,85044,"Evelyn Park and Ride","Mountain View Caltrain Station","unrealistic"
"147",412391,85511,"Evelyn Park and Ride","Mountain View Caltrain Station","unrealistic"
"148",412352,76843,"Park at Olive","California Ave Caltrain Station","unrealistic"
"149",411793,49452,"Powell at Post (Union Square)","Powell at Post (Union Square)","unrealistic"
"150",411612,94224,"Mechanics Plaza (Market at Battery)","Powell at Post (Union Square)","unrealistic"
"151",411345,40239,"San Francisco Caltrain (Townsend at 4th)","San Francisco Caltrain (Townsend at 4th)","unrealistic"
"152",411272,45280,"Yerba Buena Center of the Arts (3rd @ Howard)","Washington at Kearny","unrealistic"
"153",409614,59701,"California Ave Caltrain Station","California Ave Caltrain Station","unrealistic"
"154",408795,78274,"University and Emerson","Palo Alto Caltrain Station","unrealistic"
"155",405469,53344,"Embarcadero at Vallejo","Embarcadero at Vallejo","unrealistic"
"156",404211,73313,"Paseo de San Antonio","Paseo de San Antonio","unrealistic"
"157",402371,59644,"Yerba Buena Center of the Arts (3rd @ Howard)","Golden Gate at Polk","unrealistic"
"158",401788,43514,"Temporary Transbay Terminal (Howard at Beale)","Beale at Market","unrealistic"
"159",401786,43619,"Temporary Transbay Terminal (Howard at Beale)","Beale at Market","unrealistic"
"160",401740,58969,"Redwood City Caltrain Station","Redwood City Caltrain Station","unrealistic"
"161",399258,67175,"Palo Alto Caltrain Station","Palo Alto Caltrain Station","unrealistic"
"162",395846,52758,"2nd at Townsend","Embarcadero at Vallejo","unrealistic"
"163",395845,52807,"2nd at Townsend","Embarcadero at Vallejo","unrealistic"
"164",394757,81021,"Powell Street BART","Powell Street BART","unrealistic"
"165",391877,77856,"San Francisco City Hall","Golden Gate at Polk","unrealistic"
"166",389571,72972,"California Ave Caltrain Station","California Ave Caltrain Station","unrealistic"
"167",389511,49438,"Post at Kearny","Golden Gate at Polk","unrealistic"
"168",387767,90441,"California Ave Caltrain Station","San Antonio Caltrain Station","unrealistic"
"169",385717,40606,"Townsend at 7th","San Francisco Caltrain (Townsend at 4th)","unrealistic"
"170",385659,54006,"Clay at Battery","Clay at Battery","unrealistic"
"171",383997,82639,"San Francisco Caltrain (Townsend at 4th)","2nd at Townsend","unrealistic"
"172",382182,41312,"Santa Clara at Almaden","San Francisco Caltrain (Townsend at 4th)","unrealistic"
"173",382143,49641,"Market at 4th","Market at 4th","unrealistic"
"174",382009,92040,"Embarcadero at Vallejo","Mechanics Plaza (Market at Battery)","unrealistic"
"175",381636,54601,"Embarcadero at Sansome","Harry Bridges Plaza (Ferry Building)","unrealistic"
"176",381446,59705,"Mountain View City Hall","Mountain View Caltrain Station","unrealistic"
"177",381408,74166,"Embarcadero at Folsom","Embarcadero at Vallejo","unrealistic"
"178",381407,74181,"Embarcadero at Folsom","Embarcadero at Vallejo","unrealistic"
"179",380964,43475,"Palo Alto Caltrain Station","Palo Alto Caltrain Station","unrealistic"
"180",380898,80726,"San Salvador at 1st","San Jose City Hall","unrealistic"
"181",380245,80883,"2nd at South Park","Howard at 2nd","unrealistic"
"182",380244,80917,"2nd at South Park","Howard at 2nd","unrealistic"
"183",375031,226108,"Powell at Post (Union Square)","Powell at Post (Union Square)","unrealistic"
"184",371663,58560,"Market at 10th","San Francisco Caltrain (Townsend at 4th)","unrealistic"
"185",371410,42421,"Powell at Post (Union Square)","Powell at Post (Union Square)","unrealistic"
"186",371409,42434,"Powell at Post (Union Square)","Powell at Post (Union Square)","unrealistic"
"187",371190,66428,"San Antonio Caltrain Station","San Antonio Caltrain Station","unrealistic"
"188",371050,60124,"Harry Bridges Plaza (Ferry Building)","Grant Avenue at Columbus Avenue","unrealistic"
"189",369138,42491,"Powell at Post (Union Square)","Powell at Post (Union Square)","unrealistic"
"190",368342,74502,"Park at Olive","Park at Olive","unrealistic"
"191",367261,44790,"Market at Sansome","5th at Howard","unrealistic"
"192",366931,50966,"Market at Sansome","2nd at South Park","unrealistic"
"193",364842,318236,"Mountain View City Hall","Mountain View City Hall","unrealistic"
"194",364841,348910,"Mountain View City Hall","Mountain View City Hall","unrealistic"
"195",361676,99421,"Japantown","Ryland Park","unrealistic"
"196",361321,715339,"Arena Green / SAP Center","Adobe on Almaden","unrealistic"
"197",361281,72003,"San Antonio Caltrain Station","Castro Street and El Camino Real","unrealistic"
"198",361280,73087,"San Antonio Caltrain Station","Castro Street and El Camino Real","unrealistic"
"199",361244,81136,"Arena Green / SAP Center","San Jose Diridon Caltrain Station","unrealistic"
"200",361243,91936,"San Jose City Hall","Ryland Park","unrealistic"
"201",360916,101521,"Harry Bridges Plaza (Ferry Building)","Broadway St at Battery St","unrealistic"
"202",360813,85555,"Rengstorff Avenue / California Street","Rengstorff Avenue / California Street","unrealistic"
"203",360688,74443,"San Jose Civic Center","San Jose Diridon Caltrain Station","unrealistic"
"204",357447,48156,"Townsend at 7th","Powell at Post (Union Square)","unrealistic"
"205",357444,48355,"Townsend at 7th","Powell at Post (Union Square)","unrealistic"
"206",357274,46829,"5th at Howard","Temporary Transbay Terminal (Howard at Beale)","unrealistic"
"207",357007,49066,"Embarcadero at Folsom","2nd at Townsend","unrealistic"
"208",356205,89520,"San Francisco Caltrain 2 (330 Townsend)","Market at 10th","unrealistic"
"209",355492,77996,"2nd at South Park","San Francisco Caltrain (Townsend at 4th)","unrealistic"
"210",354591,82626,"San Antonio Caltrain Station","San Antonio Caltrain Station","unrealistic"
"211",354151,41848,"Washington at Kearny","Embarcadero at Sansome","unrealistic"
"212",351202,75126,"MLK Library","MLK Library","unrealistic"
"213",350756,82267,"Santa Clara at Almaden","Santa Clara at Almaden","unrealistic"
"214",350754,82293,"Santa Clara at Almaden","Santa Clara at Almaden","unrealistic"
"215",350750,82387,"Santa Clara at Almaden","Santa Clara at Almaden","unrealistic"
"216",350748,82470,"Santa Clara at Almaden","Santa Clara at Almaden","unrealistic"
"217",349801,75687,"Howard at 2nd","Howard at 2nd","unrealistic"
"218",349294,43805,"San Francisco Caltrain (Townsend at 4th)","San Francisco Caltrain (Townsend at 4th)","unrealistic"
"219",349293,43851,"San Francisco Caltrain (Townsend at 4th)","San Francisco Caltrain (Townsend at 4th)","unrealistic"
"220",348964,53816,"Civic Center BART (7th at Market)","San Francisco Caltrain 2 (330 Townsend)","unrealistic"
"221",348176,47779,"San Francisco Caltrain (Townsend at 4th)","Powell Street BART","unrealistic"
"222",348173,47836,"San Francisco Caltrain (Townsend at 4th)","Powell Street BART","unrealistic"
"223",348171,47944,"San Francisco Caltrain (Townsend at 4th)","Powell Street BART","unrealistic"
"224",347578,82487,"San Jose City Hall","San Jose Diridon Caltrain Station","unrealistic"
"225",347392,62060,"Harry Bridges Plaza (Ferry Building)","Townsend at 7th","unrealistic"
"226",346204,41841,"San Francisco Caltrain 2 (330 Townsend)","Powell Street BART","unrealistic"
"227",346181,42063,"San Francisco Caltrain (Townsend at 4th)","Powell Street BART","unrealistic"
"228",346171,42224,"San Francisco Caltrain (Townsend at 4th)","Powell Street BART","unrealistic"
"229",345640,57078,"San Pedro Square","Santa Clara at Almaden","unrealistic"
"230",345637,57134,"San Pedro Square","Santa Clara at Almaden","unrealistic"
"231",344189,42646,"Embarcadero at Sansome","Embarcadero at Sansome","unrealistic"
"232",344146,72535,"Palo Alto Caltrain Station","Castro Street and El Camino Real","unrealistic"
"233",344015,56232,"2nd at Townsend","Market at Sansome","unrealistic"
"234",343842,79787,"Palo Alto Caltrain Station","Palo Alto Caltrain Station","unrealistic"
"235",342947,64458,"Ryland Park","MLK Library","unrealistic"
"236",342831,67983,"San Jose Diridon Caltrain Station","Ryland Park","unrealistic"
"237",342776,69583,"San Jose Diridon Caltrain Station","Japantown","unrealistic"
"238",342626,221718,"Clay at Battery","Golden Gate at Polk","unrealistic"
"239",339576,55535,"San Jose Civic Center","San Jose Civic Center","unrealistic"
"240",339161,56583,"California Ave Caltrain Station","Beale at Market","unrealistic"
"241",337153,69378,"Market at 10th","Market at 4th","unrealistic"
"242",336330,48629,"Powell Street BART","Market at 10th","unrealistic"
"243",335686,257148,"Rengstorff Avenue / California Street","Rengstorff Avenue / California Street","unrealistic"
"244",334655,68046,"St James Park","St James Park","unrealistic"
"245",334598,84873,"Ryland Park","Ryland Park","unrealistic"
"246",334588,85324,"Ryland Park","Ryland Park","unrealistic"
"247",334474,52671,"Grant Avenue at Columbus Avenue","Embarcadero at Folsom","unrealistic"
"248",334467,90522,"Grant Avenue at Columbus Avenue","San Francisco Caltrain 2 (330 Townsend)","unrealistic"
"249",334218,88998,"University and Emerson","University and Emerson","unrealistic"
"250",334213,89376,"University and Emerson","University and Emerson","unrealistic"
"251",333740,85406,"Beale at Market","San Francisco City Hall","unrealistic"
"252",333342,79028,"Steuart at Market","San Francisco Caltrain (Townsend at 4th)","unrealistic"
"253",332552,204161,"Palo Alto Caltrain Station","Palo Alto Caltrain Station","unrealistic"
"254",331894,56092,"Clay at Battery","Embarcadero at Folsom","unrealistic"
"255",331592,54028,"Castro Street and El Camino Real","Mountain View Caltrain Station","unrealistic"
"256",331159,158148,"Redwood City Caltrain Station","Redwood City Caltrain Station","unrealistic"
"257",330119,48602,"Howard at 2nd","Beale at Market","unrealistic"
"258",329561,74749,"5th at Howard","5th at Howard","unrealistic"
"259",329530,57225,"South Van Ness at Market","South Van Ness at Market","unrealistic"
"260",328685,46980,"San Salvador at 1st","Japantown","unrealistic"
"261",328278,226853,"San Jose Diridon Caltrain Station","Mountain View Caltrain Station","unrealistic"
"262",327638,194474,"Market at 10th","Market at 10th","unrealistic"
"263",326935,48625,"St James Park","Ryland Park","unrealistic"
"264",326934,49004,"St James Park","Ryland Park","unrealistic"
"265",326846,53516,"Ryland Park","Ryland Park","unrealistic"
"266",326844,53886,"Ryland Park","Ryland Park","unrealistic"
"267",324859,189876,"Mountain View Caltrain Station","San Jose Diridon Caltrain Station","unrealistic"
"268",324610,54457,"Embarcadero at Sansome","Harry Bridges Plaza (Ferry Building)","unrealistic"
"269",324581,91045,"San Mateo County Center","San Mateo County Center","unrealistic"
"270",324571,51071,"2nd at Townsend","Embarcadero at Bryant","unrealistic"
"271",323814,60934,"Park at Olive","Park at Olive","unrealistic"
"272",323809,60997,"Park at Olive","Park at Olive","unrealistic"
"273",323594,716480,"Harry Bridges Plaza (Ferry Building)","Civic Center BART (7th at Market)","unrealistic"
"274",322328,63887,"Mountain View City Hall","Mountain View City Hall","unrealistic"
"275",321788,62542,"Steuart at Market","Embarcadero at Sansome","unrealistic"
"276",321380,83505,"San Francisco Caltrain (Townsend at 4th)","San Francisco Caltrain (Townsend at 4th)","unrealistic"
"277",320875,44389,"Temporary Transbay Terminal (Howard at Beale)","Powell Street BART","unrealistic"
"278",319103,63500,"Mountain View Caltrain Station","Mountain View Caltrain Station","unrealistic"
"279",318747,155513,"Embarcadero at Bryant","Market at 10th","unrealistic"
"280",316443,41214,"San Francisco Caltrain 2 (330 Townsend)","San Francisco Caltrain (Townsend at 4th)","unrealistic"
"281",315480,75030,"San Antonio Shopping Center","San Antonio Shopping Center","unrealistic"
"282",315215,46502,"Embarcadero at Vallejo","Market at 10th","unrealistic"
"283",315055,71371,"Embarcadero at Vallejo","Market at 10th","unrealistic"
"284",314795,80035,"Castro Street and El Camino Real","Castro Street and El Camino Real","unrealistic"
"285",314636,85461,"Powell at Post (Union Square)","Washington at Kearny","unrealistic"
"286",314332,64359,"Rengstorff Avenue / California Street","Rengstorff Avenue / California Street","unrealistic"
"287",314191,54593,"Davis at Jackson","San Francisco Caltrain 2 (330 Townsend)","unrealistic"
"288",312894,48150,"Market at 4th","5th at Howard","unrealistic"
"289",312200,82158,"Rengstorff Avenue / California Street","Park at Olive","unrealistic"
"290",312197,82325,"Rengstorff Avenue / California Street","Park at Olive","unrealistic"
"291",311114,329715,"San Antonio Caltrain Station","San Antonio Caltrain Station","unrealistic"
"292",310800,79668,"Palo Alto Caltrain Station","California Ave Caltrain Station","unrealistic"
"293",309534,82896,"San Antonio Caltrain Station","San Antonio Caltrain Station","unrealistic"
"294",309095,52056,"Golden Gate at Polk","Golden Gate at Polk","unrealistic"
"295",307863,58941,"Japantown","Japantown","unrealistic"
"296",307861,51427,"Mountain View Caltrain Station","San Antonio Caltrain Station","unrealistic"
"297",307595,58076,"Market at Sansome","Market at Sansome","unrealistic"
"298",306206,42616,"San Francisco Caltrain 2 (330 Townsend)","San Francisco Caltrain (Townsend at 4th)","unrealistic"
"299",306031,62847,"Mountain View Caltrain Station","Mountain View Caltrain Station","unrealistic"
"300",306024,65785,"Mountain View Caltrain Station","Palo Alto Caltrain Station","unrealistic"
"301",305877,84390,"Powell at Post (Union Square)","Powell at Post (Union Square)","unrealistic"
"302",305869,84808,"Powell at Post (Union Square)","Powell at Post (Union Square)","unrealistic"
"303",305864,84932,"Powell at Post (Union Square)","Powell at Post (Union Square)","unrealistic"
"304",305571,51455,"Commercial at Montgomery","Commercial at Montgomery","unrealistic"
"305",305567,52074,"Commercial at Montgomery","Commercial at Montgomery","unrealistic"
"306",305374,66007,"Market at Sansome","Davis at Jackson","unrealistic"
"307",305075,72917,"San Pedro Square","Japantown","unrealistic"
"308",305074,72873,"San Pedro Square","Japantown","unrealistic"
"309",304721,94142,"Townsend at 7th","Golden Gate at Polk","unrealistic"
"310",303590,69185,"San Francisco Caltrain (Townsend at 4th)","2nd at South Park","unrealistic"
"311",303570,62650,"San Antonio Caltrain Station","Castro Street and El Camino Real","unrealistic"
"312",302937,249348,"Cowper at University","Palo Alto Caltrain Station","unrealistic"
"313",302009,48769,"Cowper at University","Cowper at University","unrealistic"
"314",301273,54305,"2nd at Townsend","Spear at Folsom","unrealistic"
"315",300255,73906,"San Francisco City Hall","Market at Sansome","unrealistic"
"316",299961,86345,"Harry Bridges Plaza (Ferry Building)","Market at 4th","unrealistic"
"317",298708,41697,"Washington at Kearny","Embarcadero at Sansome","unrealistic"
"318",298707,41834,"Washington at Kearny","Embarcadero at Sansome","unrealistic"
"319",298706,42033,"Washington at Kearny","Embarcadero at Sansome","unrealistic"
"320",298659,43069,"Commercial at Montgomery","Embarcadero at Vallejo","unrealistic"
"321",298294,156790,"Grant Avenue at Columbus Avenue","Mechanics Plaza (Market at Battery)","unrealistic"
"322",297967,71605,"Beale at Market","Broadway St at Battery St","unrealistic"
"323",297934,141449,"Steuart at Market","Market at Sansome","unrealistic"
"324",297729,75860,"Japantown","Cowper at University","unrealistic"
"325",297669,79591,"Japantown","Cowper at University","unrealistic"
"326",297668,78373,"University and Emerson","University and Emerson","unrealistic"
"327",297667,78378,"University and Emerson","University and Emerson","unrealistic"
"328",297338,41634,"Mechanics Plaza (Market at Battery)","Embarcadero at Vallejo","unrealistic"
"329",297173,70650,"Townsend at 7th","Townsend at 7th","unrealistic"
"330",296848,49757,"San Jose Diridon Caltrain Station","San Jose Diridon Caltrain Station","unrealistic"
"331",295215,60668,"San Jose City Hall","Japantown","unrealistic"
"332",288863,69491,"2nd at Townsend","Civic Center BART (7th at Market)","unrealistic"
"333",288860,69739,"2nd at Townsend","Civic Center BART (7th at Market)","unrealistic"
"334",288858,69876,"2nd at Townsend","Civic Center BART (7th at Market)","unrealistic"
"335",288688,41050,"Mechanics Plaza (Market at Battery)","Harry Bridges Plaza (Ferry Building)","unrealistic"
"336",288398,59166,"San Jose Diridon Caltrain Station","San Jose Diridon Caltrain Station","unrealistic"
"337",288397,59242,"San Jose Diridon Caltrain Station","San Jose Diridon Caltrain Station","unrealistic"
"338",288395,59428,"San Jose Diridon Caltrain Station","San Jose Diridon Caltrain Station","unrealistic"
"339",288358,63697,"Ryland Park","Ryland Park","unrealistic"
"340",288354,68187,"Ryland Park","Ryland Park","unrealistic"
"341",288353,68335,"Ryland Park","Ryland Park","unrealistic"
"342",288331,139697,"Powell at Post (Union Square)","San Francisco Caltrain (Townsend at 4th)","unrealistic"
"343",288326,78073,"Castro Street and El Camino Real","San Jose Diridon Caltrain Station","unrealistic"
"344",288324,78064,"Castro Street and El Camino Real","San Jose Diridon Caltrain Station","unrealistic"
"345",287537,66520,"2nd at Townsend","Golden Gate at Polk","unrealistic"
"346",287522,82928,"2nd at Townsend","Golden Gate at Polk","unrealistic"
"347",287518,66775,"2nd at Townsend","Golden Gate at Polk","unrealistic"
"348",287320,78514,"Embarcadero at Sansome","Market at 10th","unrealistic"
"349",287310,78800,"Embarcadero at Sansome","Market at 10th","unrealistic"
"350",286040,63221,"Market at Sansome","Market at Sansome","unrealistic"
"351",284683,517856,"Castro Street and El Camino Real","San Antonio Shopping Center","unrealistic"
"352",284568,54168,"Market at Sansome","Market at Sansome","unrealistic"
"353",284287,55302,"Palo Alto Caltrain Station","California Ave Caltrain Station","unrealistic"
"354",281699,40201,"Grant Avenue at Columbus Avenue","Grant Avenue at Columbus Avenue","unrealistic"
"355",281682,97529,"San Salvador at 1st","SJSU 4th at San Carlos","unrealistic"
"356",279660,64294,"Market at 4th","Temporary Transbay Terminal (Howard at Beale)","unrealistic"
"357",279381,71626,"Embarcadero at Sansome","Powell at Post (Union Square)","unrealistic"
"358",279297,64798,"Beale at Market","Davis at Jackson","unrealistic"
"359",279296,64784,"Beale at Market","Davis at Jackson","unrealistic"
"360",278611,82505,"Embarcadero at Bryant","Embarcadero at Folsom","unrealistic"
"361",276878,74660,"Temporary Transbay Terminal (Howard at Beale)","Spear at Folsom","unrealistic"
"362",275500,168395,"MLK Library","San Jose City Hall","unrealistic"
"363",274135,52285,"Beale at Market","Embarcadero at Bryant","unrealistic"
"364",273930,72692,"California Ave Caltrain Station","Cowper at University","unrealistic"
"365",272922,87343,"Mountain View City Hall","Rengstorff Avenue / California Street","unrealistic"
"366",271912,47527,"Steuart at Market","Market at 10th","unrealistic"
"367",269487,42430,"Grant Avenue at Columbus Avenue","Davis at Jackson","unrealistic"
"368",268911,50355,"South Van Ness at Market","South Van Ness at Market","unrealistic"
"369",268549,48316,"2nd at South Park","Grant Avenue at Columbus Avenue","unrealistic"
"370",265754,42038,"San Francisco Caltrain 2 (330 Townsend)","Powell at Post (Union Square)","unrealistic"
"371",265226,73520,"Civic Center BART (7th at Market)","Powell Street BART","unrealistic"
"372",264125,40884,"2nd at Townsend","San Francisco Caltrain (Townsend at 4th)","unrealistic"
"373",262383,81569,"University and Emerson","Palo Alto Caltrain Station","unrealistic"
"374",262015,57994,"San Antonio Caltrain Station","San Antonio Caltrain Station","unrealistic"
"375",261773,71188,"2nd at Townsend","Harry Bridges Plaza (Ferry Building)","unrealistic"
"376",261652,89063,"Howard at 2nd","Spear at Folsom","unrealistic"
"377",261533,209618,"2nd at Townsend","San Francisco Caltrain (Townsend at 4th)","unrealistic"
"378",260231,53691,"Steuart at Market","Beale at Market","unrealistic"
"379",259771,82086,"Castro Street and El Camino Real","Mountain View Caltrain Station","unrealistic"
"380",259376,40438,"Mechanics Plaza (Market at Battery)","Powell Street BART","unrealistic"
"381",256927,90213,"2nd at South Park","Townsend at 7th","unrealistic"
"382",255050,59514,"San Francisco Caltrain 2 (330 Townsend)","5th at Howard","unrealistic"
"383",254896,75171,"Powell at Post (Union Square)","Powell at Post (Union Square)","unrealistic"
"384",254894,75885,"Powell at Post (Union Square)","Powell at Post (Union Square)","unrealistic"
"385",254892,75992,"Powell at Post (Union Square)","Powell at Post (Union Square)","unrealistic"
"386",254827,70150,"San Antonio Shopping Center","San Antonio Shopping Center","unrealistic"
"387",254372,76724,"2nd at Townsend","2nd at Townsend","unrealistic"
"388",254370,76734,"2nd at Townsend","2nd at Townsend","unrealistic"
"389",254301,92466,"Davis at Jackson","Davis at Jackson","unrealistic"
"390",254163,40347,"Santa Clara at Almaden","Santa Clara at Almaden","unrealistic"
"391",254162,40441,"Santa Clara at Almaden","Santa Clara at Almaden","unrealistic"
"392",254093,61432,"San Jose Diridon Caltrain Station","Japantown","unrealistic"
"393",253754,182383,"Powell Street BART","Powell Street BART","unrealistic"
"394",253753,182374,"Powell Street BART","Powell Street BART","unrealistic"
"395",253738,193593,"Powell Street BART","Golden Gate at Polk","unrealistic"
"396",253736,182620,"Powell Street BART","Powell Street BART","unrealistic"
"397",253382,284920,"Mountain View Caltrain Station","Castro Street and El Camino Real","unrealistic"
"398",252841,70032,"University and Emerson","University and Emerson","unrealistic"
"399",251544,51752,"Embarcadero at Vallejo","Harry Bridges Plaza (Ferry Building)","unrealistic"
"400",251379,47876,"University and Emerson","University and Emerson","unrealistic"
"401",250751,80598,"Embarcadero at Bryant","Embarcadero at Bryant","unrealistic"
"402",248273,43261,"University and Emerson","University and Emerson","unrealistic"
"403",246797,41596,"Embarcadero at Sansome","Market at Sansome","unrealistic"
"404",246557,69643,"University and Emerson","University and Emerson","unrealistic"
"405",246208,64803,"Grant Avenue at Columbus Avenue","2nd at Townsend","unrealistic"
"406",246187,56428,"Harry Bridges Plaza (Ferry Building)","Yerba Buena Center of the Arts (3rd @ Howard)","unrealistic"
"407",243751,75777,"Embarcadero at Vallejo","Embarcadero at Vallejo","unrealistic"
"408",243750,75798,"Embarcadero at Vallejo","Embarcadero at Vallejo","unrealistic"
"409",243097,62355,"Japantown","San Jose City Hall","unrealistic"
"410",242579,52045,"Market at 4th","Washington at Kearny","unrealistic"
"411",238764,86048,"Japantown","Japantown","unrealistic"
"412",238288,58219,"Harry Bridges Plaza (Ferry Building)","Howard at 2nd","unrealistic"
"413",238131,76752,"Palo Alto Caltrain Station","San Francisco Caltrain (Townsend at 4th)","unrealistic"
"414",238130,76914,"Palo Alto Caltrain Station","San Francisco Caltrain (Townsend at 4th)","unrealistic"
"415",237986,43546,"Powell Street BART","San Francisco Caltrain (Townsend at 4th)","unrealistic"
"416",237947,170115,"Embarcadero at Folsom","Beale at Market","unrealistic"
"417",237943,411846,"South Van Ness at Market","Civic Center BART (7th at Market)","unrealistic"
"418",237942,644771,"South Van Ness at Market","Clay at Battery","unrealistic"
"419",237897,85258,"Redwood City Public Library","Broadway at Main","unrealistic"
"420",237549,70841,"Powell Street BART","Powell at Post (Union Square)","unrealistic"
"421",237142,75502,"Redwood City Caltrain Station","Redwood City Caltrain Station","unrealistic"
"422",237082,47304,"Steuart at Market","Market at 4th","unrealistic"
"423",232316,66610,"Golden Gate at Polk","5th at Howard","unrealistic"
"424",231630,84070,"Market at 10th","Powell Street BART","unrealistic"
"425",231244,102103,"University and Emerson","Palo Alto Caltrain Station","unrealistic"
"426",231241,102138,"University and Emerson","Palo Alto Caltrain Station","unrealistic"
"427",231143,120941,"Market at 4th","San Francisco Caltrain (Townsend at 4th)","unrealistic"
"428",230986,80717,"University and Emerson","University and Emerson","unrealistic"
"429",230983,81244,"University and Emerson","University and Emerson","unrealistic"
"430",230877,52658,"San Antonio Caltrain Station","San Antonio Caltrain Station","unrealistic"
"431",229733,87523,"Temporary Transbay Terminal (Howard at Beale)","Golden Gate at Polk","unrealistic"
"432",229485,40285,"Palo Alto Caltrain Station","Palo Alto Caltrain Station","unrealistic"
"433",229389,133853,"Powell Street BART","Powell at Post (Union Square)","unrealistic"
"434",226941,79178,"Market at 10th","San Francisco Caltrain (Townsend at 4th)","unrealistic"
"435",225483,145881,"Steuart at Market","Steuart at Market","unrealistic"
"436",224542,53870,"Palo Alto Caltrain Station","Palo Alto Caltrain Station","unrealistic"
"437",224338,83071,"Market at Sansome","Steuart at Market","unrealistic"
"438",224337,83044,"Market at Sansome","Steuart at Market","unrealistic"
"439",224335,83080,"Market at Sansome","Steuart at Market","unrealistic"
"440",224334,83100,"Market at Sansome","Steuart at Market","unrealistic"
"441",224055,66802,"San Jose City Hall","San Jose City Hall","unrealistic"
"442",224047,85840,"Palo Alto Caltrain Station","Palo Alto Caltrain Station","unrealistic"
"443",223947,58450,"Embarcadero at Sansome","2nd at South Park","unrealistic"
"444",223945,58494,"Embarcadero at Sansome","2nd at South Park","unrealistic"
"445",223855,65170,"2nd at Folsom","San Francisco Caltrain (Townsend at 4th)","unrealistic"
"446",223719,81234,"Rengstorff Avenue / California Street","Rengstorff Avenue / California Street","unrealistic"
"447",222938,85751,"San Jose Civic Center","San Jose Civic Center","unrealistic"
"448",222930,85917,"San Jose Civic Center","San Jose Civic Center","unrealistic"
"449",222914,60225,"Clay at Battery","Grant Avenue at Columbus Avenue","unrealistic"
"450",222632,86047,"Market at 4th","Market at 4th","unrealistic"
"451",222630,86131,"Market at 4th","Market at 4th","unrealistic"
"452",222629,86143,"Market at 4th","Market at 4th","unrealistic"
"453",222424,84244,"San Antonio Caltrain Station","San Antonio Caltrain Station","unrealistic"
"454",222423,84802,"San Antonio Caltrain Station","San Antonio Caltrain Station","unrealistic"
"455",222321,86668,"San Antonio Caltrain Station","San Antonio Caltrain Station","unrealistic"
"456",219128,41118,"San Francisco Caltrain (Townsend at 4th)","Temporary Transbay Terminal (Howard at Beale)","unrealistic"
"457",216898,75588,"Embarcadero at Sansome","Embarcadero at Sansome","unrealistic"
"458",216897,75605,"Embarcadero at Sansome","Embarcadero at Sansome","unrealistic"
"459",216891,75699,"Embarcadero at Sansome","Embarcadero at Sansome","unrealistic"
"460",216889,75773,"Embarcadero at Sansome","Embarcadero at Sansome","unrealistic"
"461",215474,54641,"Commercial at Montgomery","Powell at Post (Union Square)","unrealistic"
"462",215473,54806,"Commercial at Montgomery","Powell at Post (Union Square)","unrealistic"
"463",215469,55010,"Commercial at Montgomery","Powell at Post (Union Square)","unrealistic"
"464",215463,71289,"Civic Center BART (7th at Market)","San Francisco City Hall","unrealistic"
"465",215081,81564,"Beale at Market","Market at 4th","unrealistic"
"466",215080,81592,"Beale at Market","Market at 4th","unrealistic"
"467",215074,81867,"Beale at Market","Market at 4th","unrealistic"
"468",215073,81884,"Beale at Market","Market at 4th","unrealistic"
"469",215071,82043,"Beale at Market","Market at 4th","unrealistic"
"470",215064,82179,"Beale at Market","Market at 4th","unrealistic"
"471",213054,55042,"Washington at Kearny","2nd at South Park","unrealistic"
"472",211181,59618,"Broadway at Main","Redwood City Medical Center","unrealistic"
"473",211100,77833,"Market at Sansome","Powell at Post (Union Square)","unrealistic"
"474",211098,77853,"Market at Sansome","Powell at Post (Union Square)","unrealistic"
"475",210189,62751,"Spear at Folsom","Yerba Buena Center of the Arts (3rd @ Howard)","unrealistic"
"476",208887,75844,"San Jose Diridon Caltrain Station","Cowper at University","unrealistic"
"477",208677,48559,"Palo Alto Caltrain Station","Palo Alto Caltrain Station","unrealistic"
"478",207344,102814,"Spear at Folsom","Washington at Kearny","unrealistic"
"479",207078,66570,"Embarcadero at Vallejo","Powell Street BART","unrealistic"
"480",206479,178227,"Embarcadero at Sansome","Temporary Transbay Terminal (Howard at Beale)","unrealistic"
"481",206440,169308,"Santa Clara County Civic Center","California Ave Caltrain Station","unrealistic"
"482",206125,46037,"Civic Center BART (7th at Market)","Golden Gate at Polk","unrealistic"
"483",204448,236658,"Rengstorff Avenue / California Street","Mountain View City Hall","unrealistic"
"484",203187,49757,"Market at Sansome","Embarcadero at Sansome","unrealistic"
"485",202429,102879,"Cowper at University","Cowper at University","unrealistic"
"486",202426,173815,"Cowper at University","Cowper at University","unrealistic"
"487",201696,163794,"San Antonio Shopping Center","San Antonio Shopping Center","unrealistic"
"488",200580,52116,"Market at Sansome","Market at 10th","unrealistic"
"489",199553,44910,"Temporary Transbay Terminal (Howard at Beale)","Market at 4th","unrealistic"
"490",199336,192135,"San Antonio Shopping Center","San Antonio Shopping Center","unrealistic"
"491",199087,149032,"Powell Street BART","San Francisco City Hall","unrealistic"
"492",587451,52206,"San Antonio Shopping Center","San Antonio Caltrain Station","unrealistic"
"493",586616,183913,"Harry Bridges Plaza (Ferry Building)","Post at Kearny","unrealistic"
"494",586284,84962,"Civic Center BART (7th at Market)","Steuart at Market","unrealistic"
"495",586177,98688,"Beale at Market","Grant Avenue at Columbus Avenue","unrealistic"
"496",585920,79607,"Park at Olive","Park at Olive","unrealistic"
"497",585919,79636,"Park at Olive","Park at Olive","unrealistic"
"498",585842,82585,"Townsend at 7th","Townsend at 7th","unrealistic"
"499",584222,84358,"Powell at Post (Union Square)","Powell at Post (Union Square)","unrealistic"
"500",584221,84516,"Powell at Post (Union Square)","Powell at Post (Union Square)","unrealistic"
"501",582448,64120,"Civic Center BART (7th at Market)","Powell Street BART","unrealistic"
"502",582110,295512,"Grant Avenue at Columbus Avenue","Powell Street BART","unrealistic"
"503",581676,64957,"Paseo de San Antonio","San Jose Diridon Caltrain Station","unrealistic"
"504",578923,95830,"Commercial at Montgomery","Mechanics Plaza (Market at Battery)","unrealistic"
"505",577917,60600,"Post at Kearny","2nd at Townsend","unrealistic"
"506",576087,47504,"Yerba Buena Center of the Arts (3rd @ Howard)","Yerba Buena Center of the Arts (3rd @ Howard)","unrealistic"
"507",576064,75999,"Grant Avenue at Columbus Avenue","Commercial at Montgomery","unrealistic"
"508",575994,67892,"Clay at Battery","Clay at Battery","unrealistic"
"509",575993,67988,"Clay at Battery","Clay at Battery","unrealistic"
"510",575983,61618,"San Francisco Caltrain (Townsend at 4th)","Embarcadero at Bryant","unrealistic"
"511",575758,378964,"Market at 10th","Market at 10th","unrealistic"
"512",575181,49491,"Embarcadero at Bryant","Embarcadero at Bryant","unrealistic"
"513",573830,77006,"Townsend at 7th","Market at 4th","unrealistic"
"514",572150,54648,"San Francisco City Hall","Commercial at Montgomery","unrealistic"
"515",570716,45211,"University and Emerson","University and Emerson","unrealistic"
"516",570543,75233,"San Salvador at 1st","San Jose City Hall","unrealistic"
"517",570190,80231,"Embarcadero at Sansome","Harry Bridges Plaza (Ferry Building)","unrealistic"
"518",568733,80440,"University and Emerson","Palo Alto Caltrain Station","unrealistic"
"519",568511,77299,"San Francisco City Hall","Powell at Post (Union Square)","unrealistic"
"520",568510,77320,"San Francisco City Hall","Powell at Post (Union Square)","unrealistic"
"521",568474,17270400,"South Van Ness at Market","2nd at Folsom","unrealistic"
"522",568313,63347,"Market at 4th","San Francisco City Hall","unrealistic"
"523",567719,52477,"5th at Howard","5th at Howard","unrealistic"
"524",566610,404503,"Harry Bridges Plaza (Ferry Building)","2nd at Folsom","unrealistic"
"525",566584,403837,"Harry Bridges Plaza (Ferry Building)","Market at 10th","unrealistic"
"526",566582,410157,"Harry Bridges Plaza (Ferry Building)","2nd at Folsom","unrealistic"
"527",562864,225399,"Embarcadero at Vallejo","Steuart at Market","unrealistic"
"528",560258,305382,"Clay at Battery","Post at Kearny","unrealistic"
"529",560182,83555,"San Francisco Caltrain (Townsend at 4th)","San Francisco Caltrain (Townsend at 4th)","unrealistic"
"530",560115,89029,"South Van Ness at Market","Market at 10th","unrealistic"
"531",559980,133524,"5th at Howard","5th at Howard","unrealistic"
"532",559567,63633,"San Jose Civic Center","Adobe on Almaden","unrealistic"
"533",558850,54650,"Powell at Post (Union Square)","San Francisco Caltrain (Townsend at 4th)","unrealistic"
"534",554783,141039,"2nd at Townsend","Powell at Post (Union Square)","unrealistic"
"535",552095,83106,"2nd at Townsend","San Francisco Caltrain (Townsend at 4th)","unrealistic"
"536",548389,41572,"Yerba Buena Center of the Arts (3rd @ Howard)","Powell Street BART","unrealistic"
"537",546185,70165,"Yerba Buena Center of the Arts (3rd @ Howard)","Townsend at 7th","unrealistic"
"538",545979,67079,"Embarcadero at Vallejo","Powell at Post (Union Square)","unrealistic"
"539",545978,67190,"Embarcadero at Vallejo","Powell at Post (Union Square)","unrealistic"
"540",541466,79942,"San Jose City Hall","San Jose City Hall","unrealistic"
"541",536793,54401,"San Antonio Caltrain Station","San Antonio Caltrain Station","unrealistic"
"542",536215,130712,"Embarcadero at Bryant","San Francisco Caltrain (Townsend at 4th)","unrealistic"
"543",535995,81123,"Powell Street BART","Yerba Buena Center of the Arts (3rd @ Howard)","unrealistic"
"544",531693,164720,"SJSU 4th at San Carlos","SJSU 4th at San Carlos","unrealistic"
"545",531542,44592,"Temporary Transbay Terminal (Howard at Beale)","2nd at Townsend","unrealistic"
"546",529799,78694,"SJSU 4th at San Carlos","SJSU 4th at San Carlos","unrealistic"
"547",529705,46293,"Mountain View Caltrain Station","Mountain View City Hall","unrealistic"
"548",528097,44669,"Embarcadero at Bryant","Embarcadero at Bryant","unrealistic"
"549",525905,68182,"San Antonio Caltrain Station","San Antonio Caltrain Station","unrealistic"
"550",525796,60484,"Market at 10th","Market at Sansome","unrealistic"
"551",525778,52495,"2nd at Townsend","Clay at Battery","unrealistic"
"552",525272,73030,"Golden Gate at Polk","Golden Gate at Polk","unrealistic"
"553",525270,73103,"Golden Gate at Polk","Golden Gate at Polk","unrealistic"
"554",524193,199384,"San Jose Diridon Caltrain Station","SJSU 4th at San Carlos","unrealistic"
"555",523557,48806,"San Francisco Caltrain (Townsend at 4th)","2nd at Townsend","unrealistic"
"556",522337,720454,"Redwood City Caltrain Station","Stanford in Redwood City","unrealistic"
"557",521999,125909,"Spear at Folsom","Grant Avenue at Columbus Avenue","unrealistic"
"558",521976,61912,"Embarcadero at Folsom","San Francisco Caltrain (Townsend at 4th)","unrealistic"
"559",520875,71220,"University and Emerson","University and Emerson","unrealistic"
"560",519970,52077,"San Francisco Caltrain (Townsend at 4th)","San Francisco Caltrain (Townsend at 4th)","unrealistic"
"561",517790,74312,"Embarcadero at Bryant","Steuart at Market","unrealistic"
"562",516028,88589,"SJSU 4th at San Carlos","SJSU 4th at San Carlos","unrealistic"
"563",514937,61840,"Harry Bridges Plaza (Ferry Building)","Harry Bridges Plaza (Ferry Building)","unrealistic"
"564",514920,164823,"SJSU 4th at San Carlos","SJSU 4th at San Carlos","unrealistic"
"565",514687,85134,"Castro Street and El Camino Real","Castro Street and El Camino Real","unrealistic"
"566",512356,75974,"Mountain View Caltrain Station","Mountain View Caltrain Station","unrealistic"
"567",511137,83643,"Embarcadero at Vallejo","Embarcadero at Sansome","unrealistic"
"568",511022,59851,"2nd at South Park","2nd at South Park","unrealistic"
"569",507327,57437,"Powell Street BART","Market at 10th","unrealistic"
"570",507320,81414,"Powell Street BART","San Francisco Caltrain (Townsend at 4th)","unrealistic"
"571",506645,59875,"Beale at Market","Powell Street BART","unrealistic"
"572",505730,52550,"Post at Kearny","Steuart at Market","unrealistic"
"573",505416,352090,"Market at 10th","2nd at Townsend","unrealistic"
"574",504772,193241,"Market at 4th","Embarcadero at Sansome","unrealistic"
"575",504579,44106,"Mechanics Plaza (Market at Battery)","Mechanics Plaza (Market at Battery)","unrealistic"
"576",504572,74202,"San Francisco Caltrain (Townsend at 4th)","San Francisco Caltrain (Townsend at 4th)","unrealistic"
"577",504571,74321,"San Francisco Caltrain (Townsend at 4th)","San Francisco Caltrain (Townsend at 4th)","unrealistic"
"578",504411,457110,"Market at 10th","Market at 10th","unrealistic"
"579",503867,72573,"Palo Alto Caltrain Station","Palo Alto Caltrain Station","unrealistic"
"580",500358,55751,"Clay at Battery","Embarcadero at Sansome","unrealistic"
"581",498657,72026,"2nd at South Park","Steuart at Market","unrealistic"
"582",495038,65773,"Embarcadero at Folsom","San Francisco Caltrain (Townsend at 4th)","unrealistic"
"583",494864,53688,"Clay at Battery","San Francisco Caltrain 2 (330 Townsend)","unrealistic"
"584",494861,69141,"Washington at Kearny","San Francisco Caltrain (Townsend at 4th)","unrealistic"
"585",494399,91838,"Howard at 2nd","Market at Sansome","unrealistic"
"586",494345,82519,"Palo Alto Caltrain Station","Palo Alto Caltrain Station","unrealistic"
"587",494033,105988,"California Ave Caltrain Station","California Ave Caltrain Station","unrealistic"
"588",493936,91749,"Ryland Park","Ryland Park","unrealistic"
"589",493619,217429,"Powell at Post (Union Square)","Market at 10th","unrealistic"
"590",493096,54530,"San Francisco Caltrain (Townsend at 4th)","Harry Bridges Plaza (Ferry Building)","unrealistic"
"591",492960,186762,"San Jose Civic Center","San Salvador at 1st","unrealistic"
"592",492959,184890,"San Jose Civic Center","San Jose Civic Center","unrealistic"
"593",492788,154979,"Yerba Buena Center of the Arts (3rd @ Howard)","5th at Howard","unrealistic"
"594",491740,42347,"San Pedro Square","San Jose City Hall","unrealistic"
"595",491739,42460,"San Pedro Square","San Jose City Hall","unrealistic"
"596",491738,42465,"San Pedro Square","San Jose City Hall","unrealistic"
"597",483005,73643,"Steuart at Market","San Francisco City Hall","unrealistic"
"598",482500,64348,"2nd at South Park","Civic Center BART (7th at Market)","unrealistic"
"599",481125,45938,"SJSU 4th at San Carlos","MLK Library","unrealistic"
"600",480982,62852,"Steuart at Market","Embarcadero at Bryant","unrealistic"
"601",480939,148869,"Mechanics Plaza (Market at Battery)","Davis at Jackson","unrealistic"
"602",480267,77980,"Howard at 2nd","Powell at Post (Union Square)","unrealistic"
"603",474046,72994,"Mountain View City Hall","Mountain View City Hall","unrealistic"
"604",474011,77992,"Park at Olive","San Antonio Caltrain Station","unrealistic"
"605",473196,489435,"Japantown","Japantown","unrealistic"
"606",473016,100969,"Castro Street and El Camino Real","Park at Olive","unrealistic"
"607",471806,82309,"Arena Green / SAP Center","Japantown","unrealistic"
"608",471251,75774,"Embarcadero at Folsom","Embarcadero at Folsom","unrealistic"
"609",467320,87561,"Steuart at Market","Howard at 2nd","unrealistic"
"610",467302,212428,"Cowper at University","Cowper at University","unrealistic"
"611",466809,41148,"San Francisco City Hall","Broadway St at Battery St","unrealistic"
"612",462939,46121,"Embarcadero at Vallejo","Embarcadero at Sansome","unrealistic"
"613",462938,46121,"Embarcadero at Vallejo","Embarcadero at Sansome","unrealistic"
"614",462383,85049,"Embarcadero at Bryant","Embarcadero at Bryant","unrealistic"
"615",461172,72501,"San Francisco Caltrain (Townsend at 4th)","San Francisco Caltrain (Townsend at 4th)","unrealistic"
"616",459920,100256,"Adobe on Almaden","Paseo de San Antonio","unrealistic"
"617",459794,84219,"San Francisco Caltrain 2 (330 Townsend)","San Francisco Caltrain 2 (330 Townsend)","unrealistic"
"618",458112,51067,"Embarcadero at Folsom","2nd at Townsend","unrealistic"
"619",458045,85282,"Park at Olive","Park at Olive","unrealistic"
"620",456513,69749,"Paseo de San Antonio","Paseo de San Antonio","unrealistic"
"621",456512,288430,"Paseo de San Antonio","Japantown","unrealistic"
"622",456511,70017,"Paseo de San Antonio","Paseo de San Antonio","unrealistic"
"623",456459,42376,"Market at 4th","Commercial at Montgomery","unrealistic"
"624",454457,55959,"SJSU - San Salvador at 9th","SJSU - San Salvador at 9th","unrealistic"
"625",454392,86381,"San Antonio Caltrain Station","San Antonio Shopping Center","unrealistic"
"626",454375,89789,"Japantown","Japantown","unrealistic"
"627",453845,54120,"San Jose Diridon Caltrain Station","San Jose Diridon Caltrain Station","unrealistic"
"628",453561,80657,"University and Emerson","California Ave Caltrain Station","unrealistic"
"629",453407,76287,"Embarcadero at Folsom","San Francisco Caltrain (Townsend at 4th)","unrealistic"
"630",452807,46657,"Civic Center BART (7th at Market)","Civic Center BART (7th at Market)","unrealistic"
"631",452207,72687,"San Jose Diridon Caltrain Station","San Jose Diridon Caltrain Station","unrealistic"
"632",451492,73077,"Powell Street BART","Washington at Kearny","unrealistic"
"633",451242,41898,"Civic Center BART (7th at Market)","Civic Center BART (7th at Market)","unrealistic"
"634",450885,258706,"San Francisco City Hall","Civic Center BART (7th at Market)","unrealistic"
"635",450239,324775,"Grant Avenue at Columbus Avenue","Harry Bridges Plaza (Ferry Building)","unrealistic"
"636",449904,43245,"Powell Street BART","San Francisco City Hall","unrealistic"
"637",449114,84131,"San Mateo County Center","San Mateo County Center","unrealistic"
"638",449113,84152,"San Mateo County Center","San Mateo County Center","unrealistic"
"639",448797,257233,"San Jose Civic Center","San Jose Civic Center","unrealistic"
"640",445597,42483,"San Francisco Caltrain (Townsend at 4th)","San Francisco Caltrain (Townsend at 4th)","unrealistic"
"641",445560,40183,"Ryland Park","San Jose Diridon Caltrain Station","unrealistic"
"642",445299,44483,"Broadway St at Battery St","San Francisco Caltrain (Townsend at 4th)","unrealistic"
"643",445014,54948,"Embarcadero at Vallejo","2nd at Townsend","unrealistic"
"644",444468,74967,"Powell Street BART","Powell Street BART","unrealistic"
"645",444466,77926,"Powell Street BART","Powell Street BART","unrealistic"
"646",443356,254700,"San Jose Civic Center","San Jose Civic Center","unrealistic"
"647",442738,81863,"Powell Street BART","Powell Street BART","unrealistic"
"648",442735,82134,"Powell Street BART","Powell Street BART","unrealistic"
"649",442575,79003,"SJSU - San Salvador at 9th","San Salvador at 1st","unrealistic"
"650",441625,67174,"2nd at South Park","5th at Howard","unrealistic"
"651",441544,71193,"Embarcadero at Vallejo","Mechanics Plaza (Market at Battery)","unrealistic"
"652",441052,75550,"Post at Kearny","2nd at Folsom","unrealistic"
"653",440832,71971,"Mountain View Caltrain Station","Mountain View Caltrain Station","unrealistic"
"654",440831,71965,"Mountain View Caltrain Station","Mountain View Caltrain Station","unrealistic"
"655",440033,75543,"2nd at South Park","Temporary Transbay Terminal (Howard at Beale)","unrealistic"
"656",439188,41512,"Market at 4th","5th at Howard","unrealistic"
"657",435081,49038,"Broadway St at Battery St","Mechanics Plaza (Market at Battery)","unrealistic"
"658",434969,75582,"Market at 10th","Embarcadero at Sansome","unrealistic"
"659",433173,71035,"Civic Center BART (7th at Market)","Civic Center BART (7th at Market)","unrealistic"
"660",433172,65832,"Embarcadero at Sansome","Embarcadero at Sansome","unrealistic"
"661",433169,71291,"Civic Center BART (7th at Market)","Civic Center BART (7th at Market)","unrealistic"
